id,text,user_id,num_hashtags,num_urls,num_mentions,retweet_count,favorite_count,place,timestamp
1055919837053181953,"RT @TiaBiba49: Minha amiga pergunta : ""FERNANDO HADDAD FALA CINCO IDIOMAS ,√â BACHAREL EM DIREITO ,MESTRE EM ECONOMIA E DOUTOR EM FILOSOFIA‚Ä¶",2882817201,0,0,1,0,0,,1540585881852
1055919838416289792,"Porque o petr√≥leo do pr√©-sal √© do povo brasileiro!
#Brasilvirahaddad #Haddad13",98218364,2,0,0,0,0,,1540585882177
1055919839037022210,"RT @delucca: 7 horas em p√© na Paulista, conversando com centenas (mesmo!) de pessoas, do lado de um monte de gente aguerrida, falando sobre‚Ä¶",186855329,0,0,1,0,0,,1540585882325
1055919839234220032,RT @Lethicomh: Ainda h√° tempo #EleNao #BrasilViraHaddad,127054938,2,0,1,0,0,,1540585882372
1055919839188082689,"RT @Haddad_Fernando: Nossa sa√≠da √© o di√°logo. √â o olho no olho que nosso advers√°rio evita, por n√£o saber lidar com o divergente. Obrigado a‚Ä¶",2416680606,0,0,1,0,0,,1540585882361
1055919842207952898,"RT @gleisi: Artistas indo para a rua para virar voto. Leticia Sabatella, Maria Casadeval, Paulo Betti, Leandra Leal, Patricia Pillar, e out‚Ä¶",985269105539379200,0,0,1,0,0,,1540585883081
1055919843394891778,"RT @MST_Oficial: #BrasilViraHaddad @Haddad_Fernando √© contra a viol√™ncia no campo, contra mais agrot√≥xicos na sua comida e contra o desmata‚Ä¶",3064609120,1,0,2,0,0,,1540585883364
1055919844493836288,"ei voc√™ üñê 

voc√™ mesmo ‚ùó

j√° virou um voto hoje ‚ùìüïµ

#HoraDaVirada #ViraVoto
#BrasilViraHaddad #Haddad13",1050171859742932997,4,0,0,0,0,,1540585883626
1055919845248786432,"RT @carinavitral: Olha esse time de virador de voto nas ruas desse Brasilz√£o. Leticia Sabatella, Patricia Pillar, Enrique D√≠az, Leticia Col‚Ä¶",1019578724017233921,0,0,1,0,0,,1540585883806
1055919846226100224,"RT @J_LIVRES: Olha a√≠ Let√≠cia Sabatella virando voto! Vamos virar, Brasil! #BrasilViraHaddad! https://t.co/ZKcgaIU2XC",787460565585256449,1,0,1,0,0,,1540585884039
1055919846242836481,"RT @zecalins1405: Nas ruas, no viravoto

https://t.co/WuPfdVSudq https://t.co/WuPfdVSudq",84661124,0,2,1,0,0,,1540585884043
1055919848306470914,RT @SServollo: A arte humaniza √© transforma. N√£o h√° um artista de relevo ao lado de Bolsonaro. Isso diz muito sobre sua candidatura. Agora‚Ä¶,2569293846,0,0,1,0,0,,1540585884535
1055919849715703810,"RT @julianopsol50: Globo se dobrou ao capit√£o e n√£o vai entrevistar Haddad. Mas Haddad vai ser entrevistado na TV 247, no Youtube, √†s 20h50‚Ä¶",736219127057092608,0,0,1,0,0,,1540585884871
1055919850047057920,RT @Dolores28615560: Vou de 13 #BrasilViraHaddad,127054938,1,0,1,0,0,,1540585884950
1055919849745080320,"RT @carinavitral: Olha esse time de virador de voto nas ruas desse Brasilz√£o. Leticia Sabatella, Patricia Pillar, Enrique D√≠az, Leticia Col‚Ä¶",724424094154952704,0,0,1,0,0,,1540585884878
1055919851812872192,RT @_leidyrodrigues: 2 dias! Tem diferen√ßa caindo a cada dia nas pesquisas. Tem empate entre as mulheres e entre os cat√≥licos. Tem lideran√ß‚Ä¶,983873299758370816,0,0,1,0,0,,1540585885371
1055919852148477952,"RT @ToniBulhoes: TRE intimida e notifica arcebispado do Recife e Olinda.
S√≥ pode fazer pol√≠tica bispos da Universal?
O fascismo j√° √© realid‚Ä¶",172738207,0,0,1,0,0,,1540585885451
1055919852689518592,#BrasilViraHaddad em primeiro lugar nos Trend Topics do Twitter.,163641845,1,0,0,0,0,,1540585885580
1055919857877827584,"RT @MST_Oficial: Bolsonaro √© Temer

#BrasilViraHaddad https://t.co/018lwcIEck",756215899124797444,1,0,1,0,0,,1540585886817
1055919858209226752,"RT @mp_poletto: #BrasilViraHaddad Cheguei a me emocionar. Ap√≥s meses de conversa, 1 colega de trabalho que era Bolsonaro ferrenho, viajou c‚Ä¶",1834274942,1,0,1,0,0,,1540585886896
1055919858502787073,"RT @castrofor: Rita Candeu: √© emocionante demais o que nosso povo est√° fazendo, olhem isso √© o #BrasilViraHaddad! muita gente colocando mes‚Ä¶",150611962,1,0,1,0,0,,1540585886966
1055919858473451520,"RT @felpsgalvao: As atrizes Luisa Arraes, Let√≠cia Colin, Let√≠cia Sabatella e os atores Enrique Diaz e Paulo Betti est√£o conversando com os‚Ä¶",897971570194468864,0,0,1,0,0,,1540585886959
1055919860453175296,"RT @mp_poletto: #BrasilViraHaddad Cheguei a me emocionar. Ap√≥s meses de conversa, 1 colega de trabalho que era Bolsonaro ferrenho, viajou c‚Ä¶",561544623,1,0,1,0,0,,1540585887431
1055919862936166400,"RT @zeraimundoalba: √â hoje, √†s 20h50. N√£o perca! #BrasilViraHaddad https://t.co/6s2y0e64xp",187485444,1,0,1,0,0,,1540585888023
1055919864202883072,RT @diogopontual: Vi o v√≠deo do Paulo Betti em corpo a corpo no metr√¥. Recebi um e-mail de um amigo que respeito muito dizendo que vai vota‚Ä¶,59770036,0,0,1,0,0,,1540585888325
1055919865951932418,"RT @Haddad_Fernando: Nossa sa√≠da √© o di√°logo. √â o olho no olho que nosso advers√°rio evita, por n√£o saber lidar com o divergente. Obrigado a‚Ä¶",316766050,0,0,1,0,0,,1540585888742
1055919866673283073,RT @larrible: eu viraria QUALQUER coisa por leticia sabatella https://t.co/vwyyF5TJTw,58971335,0,1,1,0,0,,1540585888914
1055919866732052482,RT @enfanaleao: #BrasilviraHaddad üé∂alerta desperta que ainda cabe sonharüé∂ https://t.co/Ru0uqVxVxR,46458025,1,0,1,0,0,,1540585888928
1055919867457667072,"RT @MST_Oficial: Patricia Pilar, Mariana Lima, Enrique Diaz, Leticia Sabatella, Maria Flor, na rua para conversar com os eleitores indeciso‚Ä¶",2691448851,0,0,1,0,0,,1540585889101
1055919867738644481,Conversando nas ruas com as pessoas j√° deu pra perceber que #BrasilViraHaddad √© real #SaveBrazilianDemocracy,32944386,2,0,0,0,0,,1540585889168
1055919867927425025,"RT @ptbrasil: O querido ator Paulo Betti no metr√¥ no Rio, conversando com o povo, pela democracia! #BrasilViraHaddad https://t.co/HqCcxIacWw",16249450,1,1,1,0,0,,1540585889213
1055919870557257728,"RT @Haddad_Fernando: Nossa sa√≠da √© o di√°logo. √â o olho no olho que nosso advers√°rio evita, por n√£o saber lidar com o divergente. Obrigado a‚Ä¶",1036642972752916481,0,0,1,0,0,,1540585889840
1055919870792089603,"RT @ToniBulhoes: TRE intimida e notifica arcebispado do Recife e Olinda.
S√≥ pode fazer pol√≠tica bispos da Universal?
O fascismo j√° √© realid‚Ä¶",76434072,0,0,1,0,0,,1540585889896
1055919870905331712,"RT @Lorran_dt: #BrasilViraHaddad
A UFF Campus Nova Friburgo, apoiou o Campus da UFF q foi censurado. E adivinha... https://t.co/xsvVV51al7",828619534051442688,1,0,1,0,0,,1540585889923
1055919870842421254,"RT @Haddad_Fernando: Nossa sa√≠da √© o di√°logo. √â o olho no olho que nosso advers√°rio evita, por n√£o saber lidar com o divergente. Obrigado a‚Ä¶",2766768820,0,0,1,0,0,,1540585889908
1055919876114694145,RT @feIipecoutinho: A Regina Duarte disse que o Bolsonaro s√≥ √© homofobico da Boca pra fora. O Hitler tamb√©m s√≥ era racista e xen√≥fobo da Bo‚Ä¶,429480455,0,0,1,0,0,,1540585891165
1055919878845153280,Estes artistas realmente est√£o de parab√©ns.,132012673,0,0,0,0,0,,1540585891816
1055919879730200578,"RT @Haddad_Fernando: Nossa sa√≠da √© o di√°logo. √â o olho no olho que nosso advers√°rio evita, por n√£o saber lidar com o divergente. Obrigado a‚Ä¶",233031742,0,0,1,0,0,,1540585892027
1055919880950681600,#BrasilViraHaddad VAI VIRAR MESMO?,1034595010765840386,1,0,0,0,0,,1540585892318
1055919881521127424,"RT @dilmabr: Amanh√£, em Belo Horizonte! Escolha um ponto e participe da mobiliza√ß√£o. #BrasilViraHaddad #HoraDaVirada Pela democracia #Vote1‚Ä¶",98910420,2,0,1,0,0,,1540585892454
1055919881458237440,RT @diImabr: Haddad em Jo√£o Pessoa agora! T√° lindo!!! #BrasilViraHaddad https://t.co/UbH5qBBF5A,1180166906,1,0,1,0,0,,1540585892439
1055919882481606657,"RT @lolaescreva: Por q n√£o votar em Bolso: ele defende bandidos. Em 99, votou contra a cassa√ß√£o de um deputado q mandou matar a dep Ceci Cu‚Ä¶",932365891420991488,0,0,1,0,0,,1540585892683
1055919882968186886,RT @lRONZSPIDER: e toda vez que eu vejo quem est√° do lado de c√° eu fico mais feliz e orgulhosa por n√£o estar do lado de l√° #BrasilViraHadda‚Ä¶,3232461143,0,0,1,0,0,,1540585892799
1055919883224002560,RT @alyssonjsantos: Acabei de escutar um programa na RFI em Espanhol (emissora p√∫blica francesa) sobre as elei√ß√µes brasileiras. Absolutamen‚Ä¶,1034910514617507841,0,0,1,0,0,,1540585892860
1055919884058660871,Galera foi l√° comeu um bolo e vai continuar com o msm voto,2307402733,0,0,0,0,0,,1540585893059
1055919884675235840,"RT @IvanValente: Altern√¢ncia de poder √© uma coisa. Mudar sem ter controle, flertando com o discurso autorit√°rio que pode suprimir a democra‚Ä¶",940318891,0,0,1,0,0,,1540585893206
1055919884813656064,"RT @manilegion: Eu disse: A-R-T-I-S-T-A-S de verdade 

#BrasilViraHaddad https://t.co/8771jYhcZ8",181155828,1,0,1,0,0,,1540585893239
1055919886365540354,"RT @joomikhail: #BrasilViraHaddad 
Parece que na UnB ....Fascistada  nao se cria ....
26/10/18 https://t.co/JI6hhtvnEZ",956586072212897795,1,0,1,0,0,,1540585893609
1055919886822789121,"RT @anycometti: Em 10 anos, entre 2001 e 2010, o crescimento no n√∫mero de matr√≠culas no ensino superior foi de 110%. #BrasilViraHaddad #Sav‚Ä¶",95447798,1,0,1,0,0,,1540585893718
1055919887875432448,"RT @delucca: Eu e o @HersonCapri j√° viramos um monte de voto na Paulista e voc√™s? Vem com a gente, estamos do lado da Gazeta! #Haddad13 #Br‚Ä¶",526329580,1,0,2,0,0,,1540585893969
1055919887535796224,"RT @delucca: 7 horas em p√© na Paulista, conversando com centenas (mesmo!) de pessoas, do lado de um monte de gente aguerrida, falando sobre‚Ä¶",115176342,0,0,1,0,0,,1540585893888
1055919888798281728,"RT @Sandman998: Astral pesad√≠ssimo.
Ando preocupado - seja qual for o resultado, sangue ser√° derramado.
√â um momento triste de um pa√≠s e de‚Ä¶",467138762,0,0,1,0,0,,1540585894189
1055919888789897217,antifascistas contra o baixo-astral. #BrasilViraHaddad #BolsonaroN√£o,284824780,2,0,0,0,0,,1540585894187
1055919889649754115,"RT @depjorgesolla: O pastor sargento que, e evang√©lico e militar, sabe que a pauta da viol√™ncia, da apologia √† morte, do √≥dio, n√£o represen‚Ä¶",176821662,0,0,1,0,0,,1540585894392
1055919890350120960,RT @_leidyrodrigues: 2 dias! Tem diferen√ßa caindo a cada dia nas pesquisas. Tem empate entre as mulheres e entre os cat√≥licos. Tem lideran√ß‚Ä¶,207759883,0,0,1,0,0,,1540585894559
1055919890752856065,"RT @Helder_MJ: Ei, Regina Duarte! Quem decide o que √© homofobia s√£o os Gays, quem decide o que √© racismo s√£o os Negros, ok? N√ÉO VEM QUERER‚Ä¶",1195308282,0,0,1,0,0,,1540585894655
1055919892115976192,"RT @JFMargarida: MOMENTO INCR√çVEL! VIRA VOTO!
Em #Curitiba, este motorista pediu para trocar o adesivo do seu carro. Vira voto! Antes era B‚Ä¶",802948494,1,0,1,0,0,,1540585894980
1055919893311315969,#BrasilViraHaddad em defesa da democracia!,1325671190,1,0,0,0,0,,1540585895265
1055919893839839233,"RT @mp_poletto: #BrasilViraHaddad Cheguei a me emocionar. Ap√≥s meses de conversa, 1 colega de trabalho que era Bolsonaro ferrenho, viajou c‚Ä¶",3337186984,1,0,1,0,0,,1540585895391
1055919894443761664,RT @maaandown: quem precisa de regina duarte sendo que nesse mundo existe patricia pillar #BrasilViraHaddad https://t.co/khZaX6zGtd,181951935,1,0,1,0,0,,1540585895535
1055919895379095554,"RT @ToniBulhoes: TRE intimida e notifica arcebispado do Recife e Olinda.
S√≥ pode fazer pol√≠tica bispos da Universal?
O fascismo j√° √© realid‚Ä¶",2854028325,0,0,1,0,0,,1540585895758
1055919896331255808,Movimento #BrasilViraHaddad tem mobiliza√ß√£o nas ruas e redes https://t.co/XmzpdU3in9,719182002113679361,1,1,0,0,0,,1540585895985
1055919896285102080,VEm pra Rua! #BrasilViraHaddad #SaveBrazilianDemocracy,1038451968866430978,2,0,0,0,0,,1540585895974
1055919896536715271,"RT @JFMargarida: MOMENTO INCR√çVEL! VIRA VOTO!
Em #Curitiba, este motorista pediu para trocar o adesivo do seu carro. Vira voto! Antes era B‚Ä¶",899739634703454210,1,0,1,0,0,,1540585896034
1055919897446961152,RT @day_dark69: #BrasilViraHaddad eu chegando pra votar dia 28 https://t.co/hY3byHU0wi,796892430905774080,1,0,1,0,0,,1540585896251
1055919897862123521,"RT @Haddad_Fernando: Nossa sa√≠da √© o di√°logo. √â o olho no olho que nosso advers√°rio evita, por n√£o saber lidar com o divergente. Obrigado a‚Ä¶",1033124863395946502,0,0,1,0,0,,1540585896350
1055919898252267520,"RT @joomikhail: #BrasilViraHaddad 
Parece que na UnB ....Fascistada  nao se cria ....
26/10/18 https://t.co/JI6hhtvnEZ",878684693142654976,1,0,1,0,0,,1540585896443
1055919899338530816,"RT @GuilhermeBoulos: Um juiz em Petr√≥polis determinou busca e apreens√£o com uso da for√ßa policial se necess√°rio da ficha de inscritos, list‚Ä¶",30045096,0,0,1,0,0,,1540585896702
1055919900055621632,"RT @felpsgalvao: As atrizes Luisa Arraes, Let√≠cia Colin, Let√≠cia Sabatella e os atores Enrique Diaz e Paulo Betti est√£o conversando com os‚Ä¶",740056702066819072,0,0,1,0,0,,1540585896873
1055919900475211776,"RT @lolaescreva: Por q n√£o votar em Bolso: ele defende bandidos. Em 99, votou contra a cassa√ß√£o de um deputado q mandou matar a dep Ceci Cu‚Ä¶",25760607,0,0,1,0,0,,1540585896973
1055919900936540162,"RT @erikakokay: Vira Voto vira vira!!!
DataFolha:
S√£o Paulo ‚Äì Haddad 52% a 48%,  Belo Horizonte ‚Äì Haddad 55% a 45%, Salvador ‚Äì Haddad 70% a‚Ä¶",24582031,0,0,1,0,0,,1540585897083
1055919902593335298,"RT @carinavitral: Olha esse time de virador de voto nas ruas desse Brasilz√£o. Leticia Sabatella, Patricia Pillar, Enrique D√≠az, Leticia Col‚Ä¶",400846179,0,0,1,0,0,,1540585897478
1055919903075639297,"RT @GarotaMilitante: Gente? 29% caralho, o que essas pocs est√£o inalando? Tinha que ta 99% contra o salnorabo #BrasilViraHaddad https://t.c‚Ä¶",779734501740118016,1,0,1,0,0,,1540585897593
1055919902874390529,"RT @carinavitral: Olha esse time de virador de voto nas ruas desse Brasilz√£o. Leticia Sabatella, Patricia Pillar, Enrique D√≠az, Leticia Col‚Ä¶",1284089929,0,0,1,0,0,,1540585897545
1055919903209910273,"RT @Haddad_Fernando: Nossa sa√≠da √© o di√°logo. √â o olho no olho que nosso advers√°rio evita, por n√£o saber lidar com o divergente. Obrigado a‚Ä¶",1852433580,0,0,1,0,0,,1540585897625
1055919904455647234,"RT @MST_Oficial: Patricia Pilar, Mariana Lima, Enrique Diaz, Leticia Sabatella, Maria Flor, na rua para conversar com os eleitores indeciso‚Ä¶",852099850820825090,0,0,1,0,0,,1540585897922
1055919907475517440,"#BrasilViraHaddad
√â URGENTE
Especialmente no twitter.",231599678,1,0,0,0,0,,1540585898642
1055919907945308161,RT @psol50: A gente n√£o foge do debate! #BrasilViraHaddad https://t.co/FoXmG6adJ3,869256750213591041,1,0,1,0,0,,1540585898754
1055919908687634433,RT @maaandown: quem precisa de regina duarte sendo que nesse mundo existe patricia pillar #BrasilViraHaddad https://t.co/khZaX6zGtd,51821725,1,0,1,0,0,,1540585898931
1055919909799112704,"deu ruim hein jo√£o doria 
https://t.co/XolNbyGLVi

#andradejera #BrasilViraHaddad",311204814,2,1,0,0,0,,1540585899196
1055919911401328641,"aaa que lindo, ainda existem pessoas boas",472166379,0,0,0,0,0,,1540585899578
1055919912634462208,"RT @Haddad_Femando: Enquanto @jairbolsonaro faz o programa de TV mais criminoso da Hist√≥ria, nossa galera t√° na rua fazendo a virada aconte‚Ä¶",3048342999,0,0,2,0,0,,1540585899872
1055919912739373060,"RT @delucca: 7 horas em p√© na Paulista, conversando com centenas (mesmo!) de pessoas, do lado de um monte de gente aguerrida, falando sobre‚Ä¶",27733043,0,0,1,0,0,,1540585899897
1055919913016135685,RT @lcsmrts: RECADO DA JOUT JOUT COM DIREITO A DANCINHA. #BrasilViraHaddad https://t.co/zZopdvXDwd,477864176,1,0,1,0,0,,1540585899963
1055919913943162885,"RT @psol50: √â hoje, a partir das 20h30. Ajude a divulgar! #BrasilViraHaddad https://t.co/ikcRyuXCVd",756215899124797444,1,0,1,0,0,,1540585900184
1055919914232504322,RT @humbertocostapt: Lula est√° empolgado com a virada e pede for√ßa total na reta final - https://t.co/voKKBgncoV #BrasilViraHaddad,974741837322874881,1,1,1,0,0,,1540585900253
1055919917306920960,"RT @J_LIVRES: Olha a√≠ Let√≠cia Sabatella virando voto! Vamos virar, Brasil! #BrasilViraHaddad! https://t.co/ZKcgaIU2XC",3653613737,1,0,1,0,0,,1540585900986
1055919917239820289,"RT @lgodan: Calma, gente, ele √© um homem doce, fala da boca pra fora, garante a namoradinha do do Brasil. Se ela disse... https://t.co/HC0X‚Ä¶",970503126334754822,0,0,1,0,0,,1540585900970
1055919920192651265,"RT @LoopCarla: Bora gente, √© a esperan√ßa vibrando em cada canto do pa√≠s! #BrasilViraHaddad https://t.co/Fk3ExBJkzt",899340822746935300,1,0,1,0,0,,1540585901674
1055919922507845637,RT @carinavitral: N√£o tenha medo de mudar #BrasilViraHaddad https://t.co/4yL9TAAaEU,2817967809,1,0,1,0,0,,1540585902226
1055919923426484225,"RT @ShineT0p: √â isso que vamos ter em nosso BRASIL?
#BrasilViraHaddad https://t.co/xb7MjfBxcW",3048170650,1,0,1,0,0,,1540585902445
1055919924139474946,RT @MarceloFreixo: Vem pra Candel√°ria! #BrasilViraHaddad,2691448851,1,0,1,0,0,,1540585902615
1055919924135280640,Fac√≠nora!!!,135967925,0,0,0,0,0,,1540585902614
1055919924420534272,"RT @silasprfv: Medo, clima de medo.
Jamais pensei que ter√≠amos aqui no pa√≠s uma sensa√ß√£o de terror t√£o grande quanto essa. 

#BrasilViraHad‚Ä¶",703276082703802369,0,0,1,0,0,,1540585902682
1055919924818915334,"RT @Fevidal: Vem tamb√©m gente, pode se juntar, nem precisa gostar do PT juro √© s√≥ apertar 13 e n√£o contar para ningu√©m afinal na democracia‚Ä¶",3982366840,0,0,1,0,0,,1540585902777
1055919926106566656,Amanh√£ cal√ßad√£o da XV com @ogilbaroni @paulagomesse @malvadjinho,22614072,0,0,3,0,0,,1540585903084
1055919927230689281,"@pavarini Melhoras Ziraldo querido!!

#HoraDaVirada 
#BrasilViraHaddad 
#DitaduraNuncaMais 
#Vote13 
#HaddadPresidente",142174457,5,0,1,0,0,,1540585903352
1055919928161775622,"RT @IvanValente: DataFolha: S√£o Paulo ‚Äì Haddad 52% a 48%,  Belo Horizonte ‚Äì Haddad 55% a 45%, Salvador ‚Äì Haddad 70% a 30% #BrasilViraHaddad",16249450,1,0,1,0,0,,1540585903574
1055919928325402624,"RT @felpsgalvao: As atrizes Luisa Arraes, Let√≠cia Colin, Let√≠cia Sabatella e os atores Enrique Diaz e Paulo Betti est√£o conversando com os‚Ä¶",3007768607,0,0,1,0,0,,1540585903613
1055919928946122752,RT @reginaldoprates: #BrasilViraHaddad Em defesa de todos os direitos trabalhistas!!! https://t.co/rKEGUOy8vo,3368300014,1,0,1,0,0,,1540585903761
1055919928673533952,"RT @carinavitral: Olha esse time de virador de voto nas ruas desse Brasilz√£o. Leticia Sabatella, Patricia Pillar, Enrique D√≠az, Leticia Col‚Ä¶",99481605,0,0,1,0,0,,1540585903696
1055919929290035200,"RT @GuilhermeBoulos: Um juiz em Petr√≥polis determinou busca e apreens√£o com uso da for√ßa policial se necess√°rio da ficha de inscritos, list‚Ä¶",164279649,0,0,1,0,0,,1540585903843
1055919929738883077,RT @Joordy_Alisson: A p√°gina Ativismo Protestante pegou frases proferidas pelo Bolsonaro e relacionou-as com l√≠deres evang√©licos que o defe‚Ä¶,135325322,0,0,1,0,0,,1540585903950
1055919930896457728,Ah mas a gente consegue #BrasilViraHaddad,186231939,1,0,0,0,0,,1540585904226
1055919930640662530,"RT @jorgeam30: Vamos Re-Twittar at√© quebrar a internet, Hoje tem sabatina com Fernando Haddad na TV Cultura as 20:30 hs
#brasilvirahaddad‚Ä¶",115176342,1,0,1,0,0,,1540585904165
1055919930850361346,RT @Haddad_Fernando: Obrigado a todos os brasileiros e brasileiras que est√£o nas ruas empenhados em fazer acontecer essa hist√≥rica virada!‚Ä¶,3357199539,0,0,1,0,0,,1540585904215
1055919931223613440,RT @LuaSantis: Hoje chorei. No elevador do meu pr√©dio uma menina de 15 anos moradora me perguntou Posso te dar uma coisa? Era um boton 13 #‚Ä¶,732693050674315264,0,0,1,0,0,,1540585904304
1055919932410642432,RT @Haddad_Fernando: Obrigado a todos os brasileiros e brasileiras que est√£o nas ruas empenhados em fazer acontecer essa hist√≥rica virada!‚Ä¶,800045814462685184,0,0,1,0,0,,1540585904587
1055919932985278464,"RT @carinavitral: Olha esse time de virador de voto nas ruas desse Brasilz√£o. Leticia Sabatella, Patricia Pillar, Enrique D√≠az, Leticia Col‚Ä¶",2562007698,0,0,1,0,0,,1540585904724
1055919933530476546,RT @maaandown: quem precisa de regina duarte sendo que nesse mundo existe patricia pillar #BrasilViraHaddad https://t.co/khZaX6zGtd,4700160453,1,0,1,0,0,,1540585904854
1055919933647925251,"RT @carinavitral: Olha esse time de virador de voto nas ruas desse Brasilz√£o. Leticia Sabatella, Patricia Pillar, Enrique D√≠az, Leticia Col‚Ä¶",392433517,0,0,1,0,0,,1540585904882
1055919933908049921,"RT @IvanValente: DataFolha: S√£o Paulo ‚Äì Haddad 52% a 48%,  Belo Horizonte ‚Äì Haddad 55% a 45%, Salvador ‚Äì Haddad 70% a 30% #BrasilViraHaddad",141062714,1,0,1,0,0,,1540585904944
1055919934503575552,RT @ptsaopaulosp: T√° emocionante o clima de virada na capital paulista #BrasilViraHaddad #HaddadPresidenteSim https://t.co/jXUjVow3QG,377088447,2,0,1,0,0,,1540585905086
1055919934851768320,RT @alyssonjsantos: Acabei de escutar um programa na RFI em Espanhol (emissora p√∫blica francesa) sobre as elei√ß√µes brasileiras. Absolutamen‚Ä¶,95477117,0,0,1,0,0,,1540585905169
1055919935669633029,"RT @Haddad_Fernando: Nossa sa√≠da √© o di√°logo. √â o olho no olho que nosso advers√°rio evita, por n√£o saber lidar com o divergente. Obrigado a‚Ä¶",1710474296,0,0,1,0,0,,1540585905364
1055919935317250048,"RT @lRONZSPIDER: leticia colin, lu√≠sa arraes, leticia sabatella, henrique dias, maria casadevall e paulo betti est√£o nas ruas conversando c‚Ä¶",3232461143,0,0,1,0,0,,1540585905280
1055919936697180160,se isso for fake e eu criar expectativas vcs v√£o me pagar cada centavo,436233716,0,0,0,0,0,,1540585905609
1055919936563044353,RT @enfanaleao: #BrasilviraHaddad Estudantes de Direito da UFRJ est√£o neste momento caminhando em dire√ß√£o ao TRE no Centro do RJ Ap√≥s as in‚Ä¶,456873802,1,0,1,0,0,,1540585905577
1055919937557028864,Minist√©rio P√∫blico abre investiga√ß√£o contra economista de bolsolao @congemfoco #BrasilViraHaddad #Haddad13‚Ä¶ https://t.co/4ME9UiQhHr,55131809,2,1,1,0,0,,1540585905814
1055919937666072576,Vou no show amanha  pq sou  f√£  e  pra  gritar #elenao https://t.co/jjQqjwBcWR,858008929430908929,1,1,0,0,0,"Campo Largo, Brasil",1540585905840
1055919936936296449,#BrasilViraHaddad todo dia √© uma # no topo!!! Bora virar! #ViradaComHaddad https://t.co/nK1TuQPT4S,558165240,2,0,0,0,0,,1540585905666
1055919938177822720,"RT @gu_afonso: EMOCIONANTE!
H√° exatamente 1 m√™s um dos maiores cartunistas da hist√≥ria do Brasil, de 85 anos, sofreu um AVC e foi internado‚Ä¶",84661124,0,0,1,0,0,,1540585905962
1055919938488225794,"RT @psol50: √â hoje, a partir das 20h30. Ajude a divulgar! #BrasilViraHaddad https://t.co/ikcRyuXCVd",3337186984,1,0,1,0,0,,1540585906036
1055919938660196353,RT @Haddad_Fernando: Obrigado a todos os brasileiros e brasileiras que est√£o nas ruas empenhados em fazer acontecer essa hist√≥rica virada!‚Ä¶,166761308,0,0,1,0,0,,1540585906077
1055919939796811777,"RT @GuilhermeBoulos: Um juiz em Petr√≥polis determinou busca e apreens√£o com uso da for√ßa policial se necess√°rio da ficha de inscritos, list‚Ä¶",2372028926,0,0,1,0,0,,1540585906348
1055919940644028416,"RT @mp_poletto: #BrasilViraHaddad Cheguei a me emocionar. Ap√≥s meses de conversa, 1 colega de trabalho que era Bolsonaro ferrenho, viajou c‚Ä¶",1051757149917986816,1,0,1,0,0,,1540585906550
1055919940925054979,RT @Itspedrito: Bora galera fa√ßam a parte de voc√™s! #BrasilViraHaddad https://t.co/07YDvsW6H7,747060801769508864,1,0,1,0,0,,1540585906617
1055919941113782273,"RT @wesleylimast1: Jo√£o Pessoa mobilizada. 
√â o meu Nordeste gritando: #BrasilViraHaddad üòç

Chegou a hora da Virada! https://t.co/cfvt2K650o",207759883,1,0,1,0,0,,1540585906662
1055919941508055041,"RT @julianopsol50: Globo se dobrou ao capit√£o e n√£o vai entrevistar Haddad. Mas Haddad vai ser entrevistado na TV 247, no Youtube, √†s 20h50‚Ä¶",2997012508,0,0,1,0,0,,1540585906756
1055919941818466304,"RT @gleisi: Artistas indo para a rua para virar voto. Leticia Sabatella, Maria Casadeval, Paulo Betti, Leandra Leal, Patricia Pillar, e out‚Ä¶",176288072,0,0,1,0,0,,1540585906830
1055919941839405056,RT @psol50: A gente n√£o foge do debate! #BrasilViraHaddad https://t.co/FoXmG6adJ3,3364393113,1,0,1,0,0,,1540585906835
1055919942254649346,"RT @MST_Oficial: Patricia Pilar, Mariana Lima, Enrique Diaz, Leticia Sabatella, Maria Flor, na rua para conversar com os eleitores indeciso‚Ä¶",113482647,0,0,1,0,0,,1540585906934
1055919943156408320,"""vamos pra rua militar"". 
E quem quer ditadura √© o Bolsonaro.",176923340,0,0,0,0,0,,1540585907149
1055919943311675393,"RT @manilegion: ARTISTAS est√£o nas ruas tentando reverter votos pro Haddad por conta pr√≥pria. Nunca vi isso acontecer

essa n√£o √© uma elei√ß‚Ä¶",1012087412946821120,0,0,1,0,0,,1540585907186
1055919943643004933,"RT @GringaBrazilien: ‚ö†Aten√ß√£o amigos da Democracia: Existem 15% de INDECISOS, √© nosso dever tentar conquistar esses votos. T√¥ indo pegar um‚Ä¶",137481349,0,0,1,0,0,,1540585907265
1055919943286513664,"RT @lgodan: Calma, gente, ele √© um homem doce, fala da boca pra fora, garante a namoradinha do do Brasil. Se ela disse... https://t.co/HC0X‚Ä¶",1099431259,0,0,1,0,0,,1540585907180
1055919944561557505,"RT @GuilhermeBoulos: Um juiz em Petr√≥polis determinou busca e apreens√£o com uso da for√ßa policial se necess√°rio da ficha de inscritos, list‚Ä¶",16249450,0,0,1,0,0,,1540585907484
1055919944733474816,"RT @cinefilo_K: HADDAD VIROU EM TODAS AS CAPITAIS!!!
as pesquisas ainda n√£o revelaram a for√ßa da virada. Vamos continuar virando voto at√© d‚Ä¶",1054851538139656192,0,0,1,0,0,,1540585907525
1055919945974996992,"RT @carinavitral: Olha esse time de virador de voto nas ruas desse Brasilz√£o. Leticia Sabatella, Patricia Pillar, Enrique D√≠az, Leticia Col‚Ä¶",837299057521487872,0,0,1,0,0,,1540585907821
1055919947103289344,"Contra quem espalha mentiras, o √≥dio, sonega patrim√¥nio ao TSE, tem caixa2, foge dos debates, tem como ministro um‚Ä¶ https://t.co/2Uw5zFm2mV",15085756,0,1,0,0,0,,1540585908090
1055919947623346177,"RT @silasprfv: Medo, clima de medo.
Jamais pensei que ter√≠amos aqui no pa√≠s uma sensa√ß√£o de terror t√£o grande quanto essa. 

#BrasilViraHad‚Ä¶",347954510,0,0,1,0,0,,1540585908214
1055919948181184513,RT @lRONZSPIDER: e toda vez que eu vejo quem est√° do lado de c√° eu fico mais feliz e orgulhosa por n√£o estar do lado de l√° #BrasilViraHadda‚Ä¶,1055860120834445313,0,0,1,0,0,,1540585908347
1055919950961946624,"galera, isso √© s√©rio, tem no√ß√£o do que esta sendo as pessoas irem para as ruas conversar com os indecisos pelo futu‚Ä¶ https://t.co/KzwytPcDGW",1061381167,0,1,0,0,0,,1540585909010
1055919951561846784,"RT @celsohaddad: #3 Eduardo √© militar, Celina √© professora. E o recado deles √© claro: PAREM DE MATAR OS NOSSOS FILHOS.

#HaddadPresidenteSi‚Ä¶",762017220167892992,0,0,1,0,0,,1540585909153
1055919951775719429,"RT @delucca: Eu e o @HersonCapri j√° viramos um monte de voto na Paulista e voc√™s? Vem com a gente, estamos do lado da Gazeta! #Haddad13 #Br‚Ä¶",99481605,1,0,2,0,0,,1540585909204
1055919951981305857,RT @vascaindio: No fim do dia eles v√£o dizer que viraram 100 mil votos mas √© s√≥ o povo apressado pro trabalho dizendo que vai votar 13 pra‚Ä¶,14838822,0,0,1,0,0,,1540585909253
1055919952056717318,#BrasilViraHaddad Ribs foda https://t.co/gjqdG8UMI0,79748603,1,0,0,0,0,,1540585909271
1055919952979464194,"RT @depjorgesolla: FACULDADE DE MEDICINA DA UFBA. Pra mim, m√©dico formado na UFBA e m√©dico concursado da UFBA, bate um orgulho danado de ve‚Ä¶",3337186984,0,0,1,0,0,,1540585909491
1055919952891392000,"RT @carinavitral: Olha esse time de virador de voto nas ruas desse Brasilz√£o. Leticia Sabatella, Patricia Pillar, Enrique D√≠az, Leticia Col‚Ä¶",836795632924884994,0,0,1,0,0,,1540585909470
1055919953751277568,RT @OBrasilFeliz: Uma verdadeira obra de arte dessas elei√ß√µes #BrasilViraHaddad https://t.co/xq0dCvlbFQ,2691448851,1,0,1,0,0,,1540585909675
1055919955273756673,"RT @cinefilo_K: HADDAD VIROU EM TODAS AS CAPITAIS!!!
as pesquisas ainda n√£o revelaram a for√ßa da virada. Vamos continuar virando voto at√© d‚Ä¶",355245360,0,0,1,0,0,,1540585910038
1055919955387002880,"RT @J_LIVRES: Olha a√≠ Let√≠cia Sabatella virando voto! Vamos virar, Brasil! #BrasilViraHaddad! https://t.co/ZKcgaIU2XC",865577191677067265,1,0,1,0,0,,1540585910065
1055919956758593536,"RT @carinavitral: Olha esse time de virador de voto nas ruas desse Brasilz√£o. Leticia Sabatella, Patricia Pillar, Enrique D√≠az, Leticia Col‚Ä¶",782600654,0,0,1,0,0,,1540585910392
1055919957861634048,#WakaWakaCrawling  UFRJ  #AndradeJaEra #BrasilViraHaddad #McEMc  #ReginaDuarte a vaca atolada! @guardian,14980096,5,0,1,0,0,,1540585910655
1055919958788583425,"RT @delucca: Eu e o @HersonCapri j√° viramos um monte de voto na Paulista e voc√™s? Vem com a gente, estamos do lado da Gazeta! #Haddad13 #Br‚Ä¶",141062714,1,0,2,0,0,,1540585910876
1055919958755082240,"RT @Haddad_Fernando: Nossa sa√≠da √© o di√°logo. √â o olho no olho que nosso advers√°rio evita, por n√£o saber lidar com o divergente. Obrigado a‚Ä¶",1726062235,0,0,1,0,0,,1540585910868
1055919959744876544,"RT @mp_poletto: #BrasilViraHaddad Cheguei a me emocionar. Ap√≥s meses de conversa, 1 colega de trabalho que era Bolsonaro ferrenho, viajou c‚Ä¶",868790384,1,0,1,0,0,,1540585911104
1055919960281833472,A democracia nos une e confia em n√≥s para proteg√™-la! N√£o vamos permitir que ela seja expulsa do Brasil! Todos pra‚Ä¶ https://t.co/bZktA8p6HM,1154823240,0,1,0,0,0,,1540585911232
1055919961036726272,"RT @hellouist_: esse homem se chama guilherme p√°dua e ele assassinou uma menina de 18 anos com 18 golpes de tesouras, hoje ele √© pastor e s‚Ä¶",4019004621,0,0,1,0,0,,1540585911412
1055919961489764353,"RT @gu_afonso: EMOCIONANTE!
H√° exatamente 1 m√™s um dos maiores cartunistas da hist√≥ria do Brasil, de 85 anos, sofreu um AVC e foi internado‚Ä¶",1624113090,0,0,1,0,0,,1540585911520
1055919961523318784,"@Itspedrito Rosa e Manu est√£o nas ruas trazendo votos para o Haddad üíú

#segundosol
#BrasilViraHaddad",1023017473170464769,2,0,1,0,0,,1540585911528
1055919962257321984,RT @raffademello: S√≥ refor√ßando ... #BrasilViraHaddad,736562670472728576,1,0,1,0,0,,1540585911703
1055919962722918401,"RT @Haddad_Fernando: Nossa sa√≠da √© o di√°logo. √â o olho no olho que nosso advers√°rio evita, por n√£o saber lidar com o divergente. Obrigado a‚Ä¶",800045814462685184,0,0,1,0,0,,1540585911814
1055919962903195654,"RT @manilegion: Eu disse: A-R-T-I-S-T-A-S de verdade 

#BrasilViraHaddad https://t.co/8771jYhcZ8",4700160453,1,0,1,0,0,,1540585911857
1055919963133956096,"RT @cinefilo_K: HADDAD VIROU EM TODAS AS CAPITAIS!!!
as pesquisas ainda n√£o revelaram a for√ßa da virada. Vamos continuar virando voto at√© d‚Ä¶",2955811636,0,0,1,0,0,,1540585911912
1055919964153094144,"RT @gu_afonso: EMOCIONANTE!
H√° exatamente 1 m√™s um dos maiores cartunistas da hist√≥ria do Brasil, de 85 anos, sofreu um AVC e foi internado‚Ä¶",897971570194468864,0,0,1,0,0,,1540585912155
1055919966321602560,"RT @depjorgesolla: O pastor sargento que, e evang√©lico e militar, sabe que a pauta da viol√™ncia, da apologia √† morte, do √≥dio, n√£o represen‚Ä¶",3337186984,0,0,1,0,0,,1540585912672
1055919966598373377,"RT @feIipecoutinho: Jo√£o Pessoa, na Para√≠ba, lota suas ruas em defesa da democracia. #BrasilViraHaddad https://t.co/JqAo9o1Z1a",1578098006,1,0,1,0,0,,1540585912738
1055919966896185344,RT @lRONZSPIDER: receba de gra√ßa #BrasilViraHaddad https://t.co/oY1YuUpsQZ,716135736966250496,1,0,1,0,0,,1540585912809
1055919968359862273,RT @Kleber1952: Essas elei√ß√µes deveriam acabar a partir do momento em que a justi√ßa pro√≠be uma bandeira anti-facismo numa Universidade.Era‚Ä¶,756215899124797444,0,0,1,0,0,,1540585913158
1055919968716492800,"RT @Haddad_Fernando: Nossa sa√≠da √© o di√°logo. √â o olho no olho que nosso advers√°rio evita, por n√£o saber lidar com o divergente. Obrigado a‚Ä¶",1019578724017233921,0,0,1,0,0,,1540585913243
1055919969219817480,"RT @manilegion: ARTISTAS est√£o nas ruas tentando reverter votos pro Haddad por conta pr√≥pria. Nunca vi isso acontecer

essa n√£o √© uma elei√ß‚Ä¶",90047925,0,0,1,0,0,,1540585913363
1055919972214542341,RT @maaandown: quem precisa de regina duarte sendo que nesse mundo existe patricia pillar #BrasilViraHaddad https://t.co/khZaX6zGtd,3364393113,1,0,1,0,0,,1540585914077
1055919973619654663,RT @Abusadodemais: #BrasilViraHaddad .. na verdade j√° virou!,736562670472728576,1,0,1,0,0,,1540585914412
1055919973678366720,nao creio q eu perdi a leticia sabatella no largo do machado,500830670,0,0,0,0,0,,1540585914426
1055919974198460416,RT @roxmo: De onde o cara tira essas suposi√ß√µes? Do cu? https://t.co/OECMZQZGfs,973589697539854337,0,1,1,0,0,,1540585914550
1055919975976841219,"RT @mp_poletto: #BrasilViraHaddad Cheguei a me emocionar. Ap√≥s meses de conversa, 1 colega de trabalho que era Bolsonaro ferrenho, viajou c‚Ä¶",59880260,1,0,1,0,0,,1540585914974
1055919976941535232,RT @lRONZSPIDER: e toda vez que eu vejo quem est√° do lado de c√° eu fico mais feliz e orgulhosa por n√£o estar do lado de l√° #BrasilViraHadda‚Ä¶,734188627119460352,0,0,1,0,0,,1540585915204
1055919977243516931,"RT @joomikhail: #BrasilViraHaddad 
AMIGxS ... ELES EST√ÉO ACUADOS E SENTINDO A PRESS√ÉO ....
N√ìS ESTAMOS TOMANDO AS RUAS DO BRASIL E DELAS N√É‚Ä¶",207759883,1,0,1,0,0,,1540585915276
1055919978094977025,RT @Vincius_Maia: #BrasilViraHaddad em defesa da democracia!,2284317873,1,0,1,0,0,,1540585915479
1055919979533615105,"Votem Com Consci√™ncia... 2018 e N√ÉO 1964.

#BrasilViraHaddad 
#ELEN√ÉO 
#DitaduraNuncaMais",849081335536906240,3,0,0,0,0,"Astolfo Dutra, Brasil",1540585915822
1055919980032806913,"RT @IvanValente: DataFolha: S√£o Paulo ‚Äì Haddad 52% a 48%,  Belo Horizonte ‚Äì Haddad 55% a 45%, Salvador ‚Äì Haddad 70% a 30% #BrasilViraHaddad",3354376661,1,0,1,0,0,,1540585915941
1055919980158611456,RT @MarceloFreixo: Vem pra Candel√°ria! #BrasilViraHaddad,742384660332830720,1,0,1,0,0,,1540585915971
1055919980598976512,"RT @Helder_MJ: Ei, Regina Duarte! Quem decide o que √© homofobia s√£o os Gays, quem decide o que √© racismo s√£o os Negros, ok? N√ÉO VEM QUERER‚Ä¶",2742601379,0,0,1,0,0,,1540585916076
1055919981429448705,"RT @Haddad_Femando: Olha a√≠ Let√≠cia Sabatella virando voto! Vamos virar, Brasil! #BrasilViraHaddad! https://t.co/vbSeRM6UXv",1728596676,1,0,1,0,0,,1540585916274
1055919982083739649,Vamos acordar Brasil #BrasilViraHaddad,1180804638,1,0,0,0,0,,1540585916430
1055919982280880129,"RT @depjorgesolla: O pastor sargento que, e evang√©lico e militar, sabe que a pauta da viol√™ncia, da apologia √† morte, do √≥dio, n√£o represen‚Ä¶",816866537369899008,0,0,1,0,0,,1540585916477
1055919983115546624,"RT @anapaularenault: Escutar esse monstro causa n√°useas, al√©m de muita tristeza. N√£o deixe o seu antipetismo ser maior do que a sua humanid‚Ä¶",3064609120,0,0,1,0,0,,1540585916676
1055919983543377921,"RT @Sandman998: Astral pesad√≠ssimo.
Ando preocupado - seja qual for o resultado, sangue ser√° derramado.
√â um momento triste de um pa√≠s e de‚Ä¶",2836551183,0,0,1,0,0,,1540585916778
1055919983790866433,"RT @feIipecoutinho: Jo√£o Pessoa, na Para√≠ba, lota suas ruas em defesa da democracia. #BrasilViraHaddad https://t.co/JqAo9o1Z1a",2884972156,1,0,1,0,0,,1540585916837
1055919985875476481,"RT @anycometti: Entre 2003 e 2016, o Minist√©rio da Educa√ß√£o sob o comando de Haddad concretizou a constru√ß√£o de mais de 500 novas unidades‚Ä¶",95447798,0,0,1,0,0,,1540585917334
1055919987779612677,"RT @delucca: Eu e o @HersonCapri j√° viramos um monte de voto na Paulista e voc√™s? Vem com a gente, estamos do lado da Gazeta! #Haddad13 #Br‚Ä¶",30045096,1,0,2,0,0,,1540585917788
1055919988253646855,"RT @Fevidal: Vem tamb√©m gente, pode se juntar, nem precisa gostar do PT juro √© s√≥ apertar 13 e n√£o contar para ningu√©m afinal na democracia‚Ä¶",913565811540971520,0,0,1,0,0,,1540585917901
1055919989859999744,"RT @Jotave02: O criador dessa imagem merece um premio, GENIAL üëèüëè

#BrasilViraHaddad https://t.co/cD2iEVbsuv",2930010237,1,0,1,0,0,,1540585918284
1055919990115852289,"RT @festapopsicle: Em qualquer dos cen√°rios, a partir de segunda teremos que ajudar a reconstruir a sociedade. N√£o √© justo sermos hostiliza‚Ä¶",75060464,0,0,1,0,0,,1540585918345
1055919990145196033,"#SabatinaHaddad  Hoje, 20:50 h na @tvebahia",15447164,1,0,1,0,0,,1540585918352
1055919990665371649,"RT @Haddad_Fernando: Nossa sa√≠da √© o di√°logo. √â o olho no olho que nosso advers√°rio evita, por n√£o saber lidar com o divergente. Obrigado a‚Ä¶",376333471,0,0,1,0,0,,1540585918476
1055919986735284224,T√° loco nunca #BrasilViraHaddad https://t.co/SwxtTmBmMd,53200330,1,0,0,0,0,,1540585917539
1055919991122546688,"RT @mp_poletto: #BrasilViraHaddad Cheguei a me emocionar. Ap√≥s meses de conversa, 1 colega de trabalho que era Bolsonaro ferrenho, viajou c‚Ä¶",67140255,1,0,1,0,0,,1540585918585
1055919992561115137,"RT @mp_poletto: #BrasilViraHaddad Cheguei a me emocionar. Ap√≥s meses de conversa, 1 colega de trabalho que era Bolsonaro ferrenho, viajou c‚Ä¶",2332101710,1,0,1,0,0,,1540585918928
1055919992670208001,"RT @depjorgesolla: √â TODO MUNDO NA RUA VIRANDO VOTO! Se o ator Paulo Betti t√° no metr√¥ virando voto, todos n√≥s tamb√©m vamos fazer nossa par‚Ä¶",2807716245,0,0,1,0,0,,1540585918954
1055919992640811008,"RT @ToniBulhoes: TRE intimida e notifica arcebispado do Recife e Olinda.
S√≥ pode fazer pol√≠tica bispos da Universal?
O fascismo j√° √© realid‚Ä¶",1054741548620005377,0,0,1,0,0,,1540585918947
1055919992158519298,"@TwitterBrasil acho que est√° com algum problema, como pode #BrasilViraHaddad com 129 mil tu√≠tes estar na frente de‚Ä¶ https://t.co/WUJbz7SOtg",2188243067,1,1,1,0,0,,1540585918832
1055919993932652544,"RT @felpsgalvao: As atrizes Luisa Arraes, Let√≠cia Colin, Let√≠cia Sabatella e os atores Enrique Diaz e Paulo Betti est√£o conversando com os‚Ä¶",4221654389,0,0,1,0,0,,1540585919255
1055919994238894081,RT @OBrasilFeliz: Olha a Let√≠cia Sabatella e Enrique D√≠az virando votos no Rio de Janeiro! #BrasilViraHaddad Participe voc√™ tamb√©m: https:/‚Ä¶,703325995,1,0,1,0,0,,1540585919328
1055919994851201026,RT @humbertocostapt: Lula est√° empolgado com a virada e pede for√ßa total na reta final - https://t.co/voKKBgncoV #BrasilViraHaddad,1594302560,1,1,1,0,0,,1540585919474
1055919995367186432,"RT @carinavitral: Olha esse time de virador de voto nas ruas desse Brasilz√£o. Leticia Sabatella, Patricia Pillar, Enrique D√≠az, Leticia Col‚Ä¶",1180166906,0,0,1,0,0,,1540585919597
1055919996084412417,RT @diImabr: Usem a tag #BrasilViraHaddad para dizer os lugares (apenas bairro e cidade) que voc√™s estar√£o hoje e amanh√£ virando votos nas‚Ä¶,166761308,1,0,1,0,0,,1540585919768
1055919997187514369,"RT @abdalafarah: N√≥s vamos vencer!!! 

#BrasilViraHaddad 
#HoraDaVirada 
#ViraVoto 
#Haddad13 https://t.co/MASgpASucp",57133182,4,0,1,0,0,,1540585920031
1055919997619449856,"RT @BolsonaroBruno: #AndradeJaEra
#BrasilViraHaddad 

Quando a esquerda entender de economia. 
Saber√° que o Brasil perdeu a confian√ßa no me‚Ä¶",331256488,2,0,1,0,0,,1540585920134
1055919997749510144,"RT @MST_Oficial: Patricia Pilar, Mariana Lima, Enrique Diaz, Leticia Sabatella, Maria Flor, na rua para conversar com os eleitores indeciso‚Ä¶",487110460,0,0,1,0,0,,1540585920165
1055919998013710336,"RT @PCdoB_Oficial: O professor sim!

#BrasilViraHaddad https://t.co/MflngM5s1f",102214365,1,0,1,0,0,,1540585920228
1055920000043753474,RT @UJSBRASIL: #BrasilViraHaddad A @joutfuckinjout tem um pedido a fazer: https://t.co/70y1x1Xt1L,3337186984,1,0,2,0,0,,1540585920712
1055920000106721280,"RT @joomikhail: #BrasilViraHaddad 
ANTIFAS ....UNI-VOS ..
PUC -RJ ....resistencia !! https://t.co/ezTSUV0BdJ",778935170,1,0,1,0,0,,1540585920727
1055920000391921666,"RT @carinavitral: Olha esse time de virador de voto nas ruas desse Brasilz√£o. Leticia Sabatella, Patricia Pillar, Enrique D√≠az, Leticia Col‚Ä¶",233031742,0,0,1,0,0,,1540585920795
1055919996570873858,#BrasilviraHaddad agora a pouco em S√£oPaulo https://t.co/2McOtQ7J2M,279547892,1,0,0,0,0,,1540585919884
1055920000878419968,Tire suas conclus√µes,2869844007,0,0,0,0,0,,1540585920911
1055920002610671617,"RT @Haddad_Fernando: Nossa sa√≠da √© o di√°logo. √â o olho no olho que nosso advers√°rio evita, por n√£o saber lidar com o divergente. Obrigado a‚Ä¶",733481512130228226,0,0,1,0,0,,1540585921324
1055920003411820545,"RT @joomikhail: #BrasilViraHaddad 
ANTIFAS ....UNI-VOS ..
PUC -RJ ....resistencia !! https://t.co/ezTSUV0BdJ",947903924635398144,1,0,1,0,0,,1540585921515
1055920005160886272,"RT @Haddad_Fernando: Nossa sa√≠da √© o di√°logo. √â o olho no olho que nosso advers√°rio evita, por n√£o saber lidar com o divergente. Obrigado a‚Ä¶",56149151,0,0,1,0,0,,1540585921932
1055920004607238145,mais um do tal ¬®Cidad√£o do bem¬®....,996813697069846531,0,0,0,0,0,,1540585921800
1055920006117183488,"RT @lgodan: Calma, gente, ele √© um homem doce, fala da boca pra fora, garante a namoradinha do do Brasil. Se ela disse... https://t.co/HC0X‚Ä¶",25760607,0,0,1,0,0,,1540585922160
1055920007136399360,"RT @MST_Oficial: Patricia Pilar, Mariana Lima, Enrique Diaz, Leticia Sabatella, Maria Flor, na rua para conversar com os eleitores indeciso‚Ä¶",728321457458139136,0,0,1,0,0,,1540585922403
1055920007958421504,RT @leandraleal: Vamos virar!!!! https://t.co/LMTXqOSkni,341088637,0,1,1,0,0,,1540585922599
1055920006796636165,RT @J_LIVRES: Contra Doria e Bolsonaro. #BrasilViraHaddad https://t.co/WcNKXB0yuW,3382215544,1,0,1,0,0,,1540585922322
1055920009623601160,"RT @Haddad_Femando: Olha a√≠ Let√≠cia Sabatella virando voto! Vamos virar, Brasil! #BrasilViraHaddad! https://t.co/vbSeRM6UXv",760962834247348224,1,0,1,0,0,,1540585922996
1055920002329645058,Galera engajada em virar os votos aqui na Saens Pena  #ViraVotoProHaddad #BrasilViraHaddad https://t.co/pOgFkuZ5jE,43103633,2,0,0,0,0,,1540585921257
1055920010785370112,"RT @J_LIVRES: Essa √© Dona Gra√ßa e ela est√° hoje, durante todo o dia, panfletando na Central do Brasil, com a foto de seus dois filhos forma‚Ä¶",1053049658216534023,0,0,1,0,0,,1540585923273
1055920011682947072,RT @brasildevolta: Esse pessoal t√° bem doente! #AndradreJaEra https://t.co/n7NF0DQEQe,51485484,1,1,1,0,0,,1540585923487
1055920011515183104,"RT @diImabr: Depois da onda de √≥dio, agora eles tentam espalhar o medo e a intimida√ß√£o para impedir a virada de Haddad. Covardes! Nos desfi‚Ä¶",3409423599,0,0,1,0,0,,1540585923447
1055920013041909760,"RT @psol50: √â hoje, a partir das 20h30. Ajude a divulgar! #BrasilViraHaddad https://t.co/ikcRyuXCVd",319319757,1,0,1,0,0,,1540585923811
1055920014010793984,"Algu√©m chuta qual √© meu objetivo ? 

kkkkkkkkkkkkkkkkkkkkkk

#War #BrasilViraHaddad #SextaDetremuraSDV #sdv‚Ä¶ https://t.co/mOdjPoZvjI",244162753,4,1,0,0,0,,1540585924042
1055920015667593216,"RT @J_LIVRES: Agora em Jo√£o Pessoa (PB). T√° lindo demais. Cheiro de virada no ar. #BrasilViraHaddad

Fotos: Vangli Figueiredo https://t.co/‚Ä¶",187485444,1,0,1,0,0,,1540585924437
1055920016305147906,RT @supprtari: luisa e leticia n√£o cansam de me darem orgulho! #BrasilViraHaddad https://t.co/0kZAQM4sa5,841079496505741312,1,0,1,0,0,,1540585924589
1055920014694498306,"RT @GuilhermeBoulos: Um juiz em Petr√≥polis determinou busca e apreens√£o com uso da for√ßa policial se necess√°rio da ficha de inscritos, list‚Ä¶",176288072,0,0,1,0,0,,1540585924205
1055920016946855937,"RT @delucca: Eu e o @HersonCapri j√° viramos um monte de voto na Paulista e voc√™s? Vem com a gente, estamos do lado da Gazeta! #Haddad13 #Br‚Ä¶",3293142298,1,0,2,0,0,,1540585924742
1055920017966014464,RT @eusouismael: Criaram agora a #BrasilViraHaddad. Ser√° que essas pessoas que est√£o apoiando o Haddad pelo menos leram o plano de governo‚Ä¶,1052693616794189831,1,0,1,0,0,,1540585924985
1055920019429822465,"RT @felpsgalvao: As atrizes Luisa Arraes, Let√≠cia Colin, Let√≠cia Sabatella e os atores Enrique Diaz e Paulo Betti est√£o conversando com os‚Ä¶",3251526437,0,0,1,0,0,,1540585925334
1055920019379499008,RT @lRONZSPIDER: e toda vez que eu vejo quem est√° do lado de c√° eu fico mais feliz e orgulhosa por n√£o estar do lado de l√° #BrasilViraHadda‚Ä¶,176942518,0,0,1,0,0,,1540585925322
1055920020558094336,RT @roxmo: De onde o cara tira essas suposi√ß√µes? Do cu? https://t.co/OECMZQZGfs,66223821,0,1,1,0,0,,1540585925603
1055920008851849217,"RT @FARLEY_FBS: #BrasilViraHaddad
Algu√©m sabe me informar quem √© esse Andrade Do #AndradeJaEra ?",2259520111,2,0,1,0,0,,1540585922812
1055920023108284416,"RT @GuilhermeBoulos: Um juiz em Petr√≥polis determinou busca e apreens√£o com uso da for√ßa policial se necess√°rio da ficha de inscritos, list‚Ä¶",2348662609,0,0,1,0,0,,1540585926211
1055920023313756160,RT @roxmo: De onde o cara tira essas suposi√ß√µes? Do cu? https://t.co/OECMZQZGfs,1053096823924187136,0,1,1,0,0,,1540585926260
1055920022101655553,"RT @carinavitral: Olha esse time de virador de voto nas ruas desse Brasilz√£o. Leticia Sabatella, Patricia Pillar, Enrique D√≠az, Leticia Col‚Ä¶",47165439,0,0,1,0,0,,1540585925971
1055920025687805954,RT @TomeiAbuso: Luisa Arrais e Let√≠cia Colin para tomar um lanche e conversar sobre o futuro do pa√≠s. #BrasilViraHaddad https://t.co/E1PDcb‚Ä¶,90671058,1,0,1,0,0,,1540585926826
1055920026128134146,RT @psol50: A gente n√£o foge do debate! #BrasilViraHaddad https://t.co/FoXmG6adJ3,852099850820825090,1,0,1,0,0,,1540585926931
1055920026878967809,RT @reginaldoprates: #BrasilViraHaddad Em defesa de todos os direitos trabalhistas!!! https://t.co/rKEGUOy8vo,1618832414,1,0,1,0,0,,1540585927110
1055920026786631681,"RT @J_LIVRES: Agora em Jo√£o Pessoa (PB). T√° lindo demais. Cheiro de virada no ar. #BrasilViraHaddad

Fotos: Vangli Figueiredo https://t.co/‚Ä¶",181155828,1,0,1,0,0,,1540585927088
1055920027323510785,"Pelo amor, pela democracia e pelas minorias #BrasilViraHaddad #Haddad13",1614233382,2,0,0,0,0,,1540585927216
1055920027591938048,"RT @ToniBulhoes: TRE intimida e notifica arcebispado do Recife e Olinda.
S√≥ pode fazer pol√≠tica bispos da Universal?
O fascismo j√° √© realid‚Ä¶",816866537369899008,0,0,1,0,0,,1540585927280
1055920027961057280,"RT @IvanValente: Altern√¢ncia de poder √© uma coisa. Mudar sem ter controle, flertando com o discurso autorit√°rio que pode suprimir a democra‚Ä¶",16249450,0,0,1,0,0,,1540585927368
1055920028376272897,"RT @felpsgalvao: As atrizes Luisa Arraes, Let√≠cia Colin, Let√≠cia Sabatella e os atores Enrique Diaz e Paulo Betti est√£o conversando com os‚Ä¶",252199533,0,0,1,0,0,,1540585927467
1055920028518883328,"RT @cinefilo_K: HADDAD VIROU EM TODAS AS CAPITAIS!!!
as pesquisas ainda n√£o revelaram a for√ßa da virada. Vamos continuar virando voto at√© d‚Ä¶",828083261591130113,0,0,1,0,0,,1540585927501
1055920029303275525,RT @ricardope: O objetivo de bolsonaro n√£o √© combater a criminalidade. O fascismo precisa do medo para se manter no poder: a criminalidade‚Ä¶,57997359,0,0,1,0,0,,1540585927688
1055920031471673347,"RT @ToniBulhoes: Barroso, fazendocena sobre Direitos Humanos, aquele que n√£o respeitou o Comit√™ de Direitos Humanos da ONU.

#BrasilViraHad‚Ä¶",2795048915,0,0,1,0,0,,1540585928205
1055920033325596673,"RT @lRONZSPIDER: leticia colin, lu√≠sa arraes, leticia sabatella, henrique dias, maria casadevall e paulo betti est√£o nas ruas conversando c‚Ä¶",4120007560,0,0,1,0,0,,1540585928647
1055920034650959872,Gzuis! Olha essa porcaria. Quem vai nos ajudar. Estamos tanto na merda com essa gente q desespero d√°‚Ä¶ https://t.co/2R4B6GXbrC,34472842,0,1,0,0,0,,1540585928963
1055920034915213314,"RT @julianopsol50: Globo se dobrou ao capit√£o e n√£o vai entrevistar Haddad. Mas Haddad vai ser entrevistado na TV 247, no Youtube, √†s 20h50‚Ä¶",4290871341,0,0,1,0,0,,1540585929026
1055920035460456449,imagem que traz paz,1047274391690760192,0,0,0,0,0,,1540585929156
1055920035351457798,"RT @FlaRobSal: A situa√ß√£o √© t√£o surrealista, que Bozonaro √© o candidato cujos cabos eleitorais querem te convencer, que ele n√£o far√° o que‚Ä¶",756215899124797444,0,0,1,0,0,,1540585929130
1055920035875700736,"RT @LoopCarla: Bora gente, √© a esperan√ßa vibrando em cada canto do pa√≠s! #BrasilViraHaddad https://t.co/Fk3ExBJkzt",2826555959,1,0,1,0,0,,1540585929255
1055920036852981761,"RT @cinefilo_K: HADDAD VIROU EM TODAS AS CAPITAIS!!!
as pesquisas ainda n√£o revelaram a for√ßa da virada. Vamos continuar virando voto at√© d‚Ä¶",42753450,0,0,1,0,0,,1540585929488
1055920037511487490,RT @Haddad_Fernando: Obrigado a todos os brasileiros e brasileiras que est√£o nas ruas empenhados em fazer acontecer essa hist√≥rica virada!‚Ä¶,572066264,0,0,1,0,0,,1540585929645
1055920038086144001,RT @Haddad_Fernando: Obrigado a todos os brasileiros e brasileiras que est√£o nas ruas empenhados em fazer acontecer essa hist√≥rica virada!‚Ä¶,33494729,0,0,1,0,0,,1540585929782
1055920038660767744,RT @dasilvabenedita: Bolsonaro afirma ser a mudan√ßa que o Brasil precisa. Voc√™ acha que isso √© verdade? ü§î Veja no v√≠deo abaixo o que ele ve‚Ä¶,4877177710,0,0,1,0,0,,1540585929919
1055920040510402561,"RT @Haddad_Fernando: Nossa sa√≠da √© o di√°logo. √â o olho no olho que nosso advers√°rio evita, por n√£o saber lidar com o divergente. Obrigado a‚Ä¶",125482334,0,0,1,0,0,,1540585930360
1055920040309153793,"RT @dizpoxa: #BrasilViraHaddad  n√≥s estamos a poucos passos de escolher o novo presidente e Bolsonaro √© um caminho sem volta, por isso pens‚Ä¶",1023714194087129088,1,0,1,0,0,,1540585930312
1055920043882618881,"RT @GuilhermeBoulos: Um juiz em Petr√≥polis determinou busca e apreens√£o com uso da for√ßa policial se necess√°rio da ficha de inscritos, list‚Ä¶",909605241355685890,0,0,1,0,0,,1540585931164
1055920045543567360,"RT @GregoMalandro: DOMINGO √â 13, VAMOS VIRAR! #BrasilViraHaddad",209212929,1,0,1,0,0,,1540585931560
1055920045958799362,"RT @Haddad_Fernando: Nossa sa√≠da √© o di√°logo. √â o olho no olho que nosso advers√°rio evita, por n√£o saber lidar com o divergente. Obrigado a‚Ä¶",99481605,0,0,1,0,0,,1540585931659
1055920046835404800,"RT @cinefilo_K: HADDAD VIROU EM TODAS AS CAPITAIS!!!
as pesquisas ainda n√£o revelaram a for√ßa da virada. Vamos continuar virando voto at√© d‚Ä¶",827214875990618112,0,0,1,0,0,,1540585931868
1055920046856462336,"RT @MST_Oficial: Bolsonaro √© Temer

#BrasilViraHaddad https://t.co/018lwcIEck",828619534051442688,1,0,1,0,0,,1540585931873
1055920047313477633,"LINDO DEMAIS! üòç‚ù§üáßüá∑
A #ViradaComHaddad toma conta do Brasil inteiro!

#BrasilViraHaddad
#ViraVoto
#Haddad13",1512129145,4,0,0,0,0,,1540585931982
1055920048286654464,Que Deus nos ajude,161000091,0,0,0,0,0,,1540585932214
1055920049054273536,"RT @hellouist_: esse homem se chama guilherme p√°dua e ele assassinou uma menina de 18 anos com 18 golpes de tesouras, hoje ele √© pastor e s‚Ä¶",858008929430908929,0,0,1,0,0,,1540585932397
1055920049683349504,"RT @manilegion: Eu disse: A-R-T-I-S-T-A-S de verdade 

#BrasilViraHaddad https://t.co/8771jYhcZ8",1323516601,1,0,1,0,0,,1540585932547
1055920050287403008,"RT @Haddad_Fernando: Nossa sa√≠da √© o di√°logo. √â o olho no olho que nosso advers√°rio evita, por n√£o saber lidar com o divergente. Obrigado a‚Ä¶",43977560,0,0,1,0,0,,1540585932691
1055920050622918656,"RT @depjorgesolla: O pastor sargento que, e evang√©lico e militar, sabe que a pauta da viol√™ncia, da apologia √† morte, do √≥dio, n√£o represen‚Ä¶",359821009,0,0,1,0,0,,1540585932771
1055920052254449664,"RT @Haddad_Fernando: Nossa sa√≠da √© o di√°logo. √â o olho no olho que nosso advers√°rio evita, por n√£o saber lidar com o divergente. Obrigado a‚Ä¶",466087696,0,0,1,0,0,,1540585933160
1055920052514496513,RT @Enquette_: #BrasilViraHaddad: Quem leva seu voto domingo? #NemVemQueNaoTemPT,853584502148538369,2,0,1,0,0,,1540585933222
1055920053550542848,"RT @levantepopular: Hoje em Fortaleza, estudantes da UNIFOR foram √†s ruas em combate ao fascismo e em apoio a @Haddad_Fernando

Tamb√©m denu‚Ä¶",319319757,0,0,2,0,0,,1540585933469
1055920054406184960,"RT @depjorgesolla: FACULDADE DE MEDICINA DA UFBA. Pra mim, m√©dico formado na UFBA e m√©dico concursado da UFBA, bate um orgulho danado de ve‚Ä¶",98910420,0,0,1,0,0,,1540585933673
1055920054477488129,"RT @diImabr: Depois da onda de √≥dio, agora eles tentam espalhar o medo e a intimida√ß√£o para impedir a virada de Haddad. Covardes! Nos desfi‚Ä¶",3064609120,0,0,1,0,0,,1540585933690
1055920055702224898,"RT @IvanValente: Altern√¢ncia de poder √© uma coisa. Mudar sem ter controle, flertando com o discurso autorit√°rio que pode suprimir a democra‚Ä¶",229094585,0,0,1,0,0,,1540585933982
1055920055798714369,"RT @J_LIVRES: 26 de outubro de 2018. @Haddad_Fernando na 'Caminhada da Virada' em Jo√£o Pessoa, Para√≠ba. #HaddadNaPB
 #BrasilViraHaddad http‚Ä¶",52830700,2,0,2,0,0,,1540585934005
1055920056671105024,RT @c410: #BrasilViraHaddad por KIT GAY? Por mais degrada√ß√£o moral? #AndradeJaEra https://t.co/oG601Jacqv,2875143622,2,0,1,0,0,,1540585934213
1055920057543548930,RT @DepMarcoMaia: chegou a hora! #BrasilViraHaddad https://t.co/q6FU0YLTym,16249450,1,0,1,0,0,,1540585934421
1055920059326087174,"RT @mp_poletto: #BrasilViraHaddad Cheguei a me emocionar. Ap√≥s meses de conversa, 1 colega de trabalho que era Bolsonaro ferrenho, viajou c‚Ä¶",930521004966891521,1,0,1,0,0,,1540585934846
1055920059812585474,"RT @Haddad_Fernando: Nossa sa√≠da √© o di√°logo. √â o olho no olho que nosso advers√°rio evita, por n√£o saber lidar com o divergente. Obrigado a‚Ä¶",40364991,0,0,1,0,0,,1540585934962
1055920060735410177,RT @lgodan: Pra quem ainda n√£o entendeu. https://t.co/LaB5zkgkTs,49427757,0,1,1,0,0,,1540585935182
1055920061045727232,"RT @atmesays: Acho √© engra√ßado quando vejo bolsominion dizendo ""em que bolha voc√™ vive?"" Logo o cara que s√≥ se informa por fake news de zap‚Ä¶",95447798,0,0,1,0,0,,1540585935256
1055920063482597377,RT @LannesDelRey: Pede-se a quem souber informar o paradeiro do deputado Eduardo Bolsonaro q √© filho de Jair  Bolsonaro ao Supremo Tribunal‚Ä¶,709253098049511424,0,0,1,0,0,,1540585935837
1055920063855898625,"RT @GilbersonFerre1: Encontrei um homem doce, um homem dos anos 30, 40, como meu pai que faz brincadeirinhas homof√≥bicas s√≥ da boca pra for‚Ä¶",969030031077990400,0,0,1,0,0,,1540585935926
1055920064782852097,"RT @Haddad_Femando: Olha a√≠ Let√≠cia Sabatella virando voto! Vamos virar, Brasil! #BrasilViraHaddad! https://t.co/vbSeRM6UXv",57192851,1,0,1,0,0,,1540585936147
1055920064778657797,"Via @PCdoB_Oficial 
O professor sim!

#BrasilViraHaddad https://t.co/D4hnAvhdsH",730178656690180096,1,0,1,0,0,,1540585936146
1055920065466515456,"RT @Tsukareteimasu: #BrasilViraHaddad
#HoraDaVirada
At√© Bozonaro √© contra Bozonaro. https://t.co/bo6mUim9Te",958065253341941761,2,0,1,0,0,,1540585936310
1055920064795418624,"RT @BohnGass: #BrasilViraHaddad Na reta final das elei√ß√µes, o candidato do PSL continua controlando a opini√£o p√∫blica com a coniv√™ncia de g‚Ä¶",187485444,1,0,1,0,0,,1540585936150
1055920066104057856,RT @Haddad_Femando: Sou estudante e n√£o abro m√£o de derrotar o fascismo! ‚úä #BrasilViraHaddad https://t.co/mbHhY3qrlS,55554755,1,0,1,0,0,,1540585936462
1055920066473197568,"RT @ricardope: Eu sou um dos ""vermelhos"" que bolsonaro quer ""varrer do pa√≠s"". Sou porque n√£o concordo com bolsonaro: n√£o concordo que negro‚Ä¶",242950431,0,0,1,0,0,,1540585936550
1055920066460639232,"Vamos com tudo, vamos com Haddad. Todos juntos pela democracia! #BrasilViraHaddad #Haddad13 #Marina #Ciro #Alckimin",1010726293133053952,5,0,0,0,0,,1540585936547
1055920066800304128,"Consegui convencer minha m√£e a n√£o anular o voto dela e ir de Haddad, ainda h√° tempo de impedir q o fascismo chegue‚Ä¶ https://t.co/S5Zkt4sNO4",542599630,0,1,0,0,0,,1540585936628
1055920067026796545,RT @Haddad_Fernando: Obrigado a todos os brasileiros e brasileiras que est√£o nas ruas empenhados em fazer acontecer essa hist√≥rica virada!‚Ä¶,43977560,0,0,1,0,0,,1540585936682
1055920067811041280,"RT @gu_afonso: EMOCIONANTE!
H√° exatamente 1 m√™s um dos maiores cartunistas da hist√≥ria do Brasil, de 85 anos, sofreu um AVC e foi internado‚Ä¶",66218599,0,0,1,0,0,,1540585936869
1055920068138287106,RT @c410: #BrasilViraHaddad por KIT GAY? Por mais degrada√ß√£o moral? #AndradeJaEra https://t.co/oG601Jacqv,272626439,2,0,1,0,0,,1540585936947
1055920069333659649,RT @enfanaleao: #BrasilviraHaddad Estudantes de Direito da UFRJ est√£o neste momento caminhando em dire√ß√£o ao TRE no Centro do RJ Ap√≥s as in‚Ä¶,2268133512,1,0,1,0,0,,1540585937232
1055920070189334528,"RT @GilbersonFerre1: Encontrei um homem doce, um homem dos anos 30, 40, como meu pai que faz brincadeirinhas homof√≥bicas s√≥ da boca pra for‚Ä¶",176942518,0,0,1,0,0,,1540585937436
1055920070608801792,"RT @mp_poletto: #BrasilViraHaddad Cheguei a me emocionar. Ap√≥s meses de conversa, 1 colega de trabalho que era Bolsonaro ferrenho, viajou c‚Ä¶",30045096,1,0,1,0,0,,1540585937536
1055920070751346689,"RT @Haddad_Fernando: Nossa sa√≠da √© o di√°logo. √â o olho no olho que nosso advers√°rio evita, por n√£o saber lidar com o divergente. Obrigado a‚Ä¶",77772824,0,0,1,0,0,,1540585937570
1055920070998798336,"RT @FbioMax: #BrasilViraHaddad
Bolsonaro representa o dem√¥nio aqui no BRASIL https://t.co/ZihE7Q1AsO",2430967183,1,0,1,0,0,,1540585937629
1055920071330222085,"RT @delucca: Eu e o @HersonCapri j√° viramos um monte de voto na Paulista e voc√™s? Vem com a gente, estamos do lado da Gazeta! #Haddad13 #Br‚Ä¶",3601263082,1,0,2,0,0,,1540585937708
1055920072483586049,"RT @FlaRobSal: Al√¥ Brasil... Se at√© aqui virou, vamos fazer bonito e virar no resto do Pa√≠s.
#BrasilViraHaddad https://t.co/EvPO1BtDuh",3378769901,1,0,1,0,0,,1540585937983
1055920073469317120,RT @guifernandss: Eu votei Bolsonaro no primeiro turno e n√£o voto nele no segundo de jeito nenhum. Hoje vejo que ele √© totalmente controver‚Ä¶,2781093193,0,0,1,0,0,,1540585938218
1055920073259540482,"RT @PeterMr: Consegui virar alguns tb, com di√°logo, carinho e mostrando fatos sobre o Bolsonaro q essas pessoas desconheciam. Desfiz alguma‚Ä¶",917934725305655296,0,0,1,0,0,,1540585938168
1055920074446508033,RT @maaandown: quem precisa de regina duarte sendo que nesse mundo existe patricia pillar #BrasilViraHaddad https://t.co/khZaX6zGtd,852099850820825090,1,0,1,0,0,,1540585938451
1055920075868434437,"RT @jacyjuly: N√£o acredito que os eleitores do Bolsonaro fizeram isso achando que daria 17
HAHAHAHAHAHAHAHAHAHAHAHAHAHAHAHAHHAHAHA

#Brasil‚Ä¶",703276082703802369,0,0,1,0,0,,1540585938790
1055920077097365505,RT @obrasilonline: N√£o √© hora de vacilar. #BrasilViraHaddad https://t.co/3zjN0UGjFE,48131923,1,0,1,0,0,,1540585939083
1055920077340590085,"RT @oniknowles: No dia 18, aqui na minha cidade, algumas estudante da Unesp encontraram na porta do banheiro feminino a frase ‚Äúquero ver fa‚Ä¶",896177642197725184,0,0,1,0,0,,1540585939141
1055920077697105920,√â lindo ver o Brasil resistindo #BrasilViraHaddad,125078292,1,0,0,0,0,,1540585939226
1055920078317912066,"RT @manilegion: Eu disse: A-R-T-I-S-T-A-S de verdade 

#BrasilViraHaddad https://t.co/8771jYhcZ8",572066264,1,0,1,0,0,,1540585939374
1055920078494023680,RT @Haddad_Fernando: Obrigado a todos os brasileiros e brasileiras que est√£o nas ruas empenhados em fazer acontecer essa hist√≥rica virada!‚Ä¶,56149151,0,0,1,0,0,,1540585939416
1055920078854778882,"RT @carinavitral: Olha esse time de virador de voto nas ruas desse Brasilz√£o. Leticia Sabatella, Patricia Pillar, Enrique D√≠az, Leticia Col‚Ä¶",955661577767792640,0,0,1,0,0,,1540585939502
1055920080385642497,"RT @cinefilo_K: HADDAD VIROU EM TODAS AS CAPITAIS!!!
as pesquisas ainda n√£o revelaram a for√ßa da virada. Vamos continuar virando voto at√© d‚Ä¶",2787130435,0,0,1,0,0,,1540585939867
1055920080419282944,"RT @anapaularenault: Exatamente. N√£o estamos tratando de partido pol√≠tico apenas, infelizmente √© um voto de resist√™ncia. Um SIM para a huma‚Ä¶",441378346,0,0,1,0,0,,1540585939875
1055920080960270337,Erundina disse tudo! #BrasilViraHaddad #HaddadPresidente,469716360,2,0,0,0,0,,1540585940004
1055920081564327936,"RT @mp_poletto: #BrasilViraHaddad Cheguei a me emocionar. Ap√≥s meses de conversa, 1 colega de trabalho que era Bolsonaro ferrenho, viajou c‚Ä¶",176288072,1,0,1,0,0,,1540585940148
1055920081513918464,"RT @J_LIVRES: O MAIS TERR√çVEL V√çDEO DO CANDIDATO QUE 
AMEA√áA TRANSFORMAR O BRASIL EM AUSHWITZ.
#BrasilViraHaddad #Haddad13 https://t.co/2MC‚Ä¶",327832448,2,0,1,0,0,,1540585940136
1055920080209539072,Vejam: A Pol√≠cia invadiu uma Institui√ß√£o Federal de ensino e mandou parar a exibi√ß√£o do Filme ‚ÄúA Onda‚Äù: nada mais s‚Ä¶ https://t.co/HEysxf45nr,22283899,0,1,0,0,0,,1540585939825
1055920082172420097,"RT @bubuzinha: Por que o Haddad n√£o est√° fazendo um comicio em Minas, o 2¬∫ maior colegio eleitoral? √â urgente para a virada #PresidenteHadd‚Ä¶",395011753,0,0,1,0,0,,1540585940293
1055920083267215361,"RT @julianopsol50: Globo se dobrou ao capit√£o e n√£o vai entrevistar Haddad. Mas Haddad vai ser entrevistado na TV 247, no Youtube, √†s 20h50‚Ä¶",24162553,0,0,1,0,0,,1540585940554
1055920082986119168,"RT @IvanValente: Altern√¢ncia de poder √© uma coisa. Mudar sem ter controle, flertando com o discurso autorit√°rio que pode suprimir a democra‚Ä¶",43977560,0,0,1,0,0,,1540585940487
1055920085011968004,"RT @biancache13: #BrasilViraHaddad virada amorosa e real. N√£o somos rob√¥s, n√£o disseminamos mentiras. Vamos virar pelo Brasil de todos, pel‚Ä¶",1053049658216534023,1,0,1,0,0,,1540585940970
1055920084898775041,RT @thaniathaddeu: Agora mesmo no Rio de Janeiro. Vira! Vira! Vira! ‚ù§Ô∏è #Haddad13 #HoraDaVirada #BrasilViraHaddad https://t.co/QUHXqoNQ8m,576396101,3,0,1,0,0,,1540585940943
1055920085431451648,"RT @Haddad_Fernando: Nossa sa√≠da √© o di√°logo. √â o olho no olho que nosso advers√°rio evita, por n√£o saber lidar com o divergente. Obrigado a‚Ä¶",69712655,0,0,1,0,0,,1540585941070
1055920085569814533,T√° explicado!,1730507154,0,0,0,0,0,,1540585941103
1055920087079813122,@gleisi Todo mundo na rua #BrasilViraHaddad,176821662,1,0,1,0,0,,1540585941463
1055920087427940352,RT @carinavitral: N√£o tenha medo de mudar #BrasilViraHaddad https://t.co/4yL9TAAaEU,55131809,1,0,1,0,0,,1540585941546
1055920087620898816,"RT @julianopsol50: Globo se dobrou ao capit√£o e n√£o vai entrevistar Haddad. Mas Haddad vai ser entrevistado na TV 247, no Youtube, √†s 20h50‚Ä¶",917934725305655296,0,0,1,0,0,,1540585941592
1055920087981608962,"RT @J_LIVRES: Olha a√≠ Let√≠cia Sabatella virando voto! Vamos virar, Brasil! #BrasilViraHaddad! https://t.co/ZKcgaIU2XC",3995757921,1,0,1,0,0,,1540585941678
1055920088602365952,"RT @mp_poletto: #BrasilViraHaddad Cheguei a me emocionar. Ap√≥s meses de conversa, 1 colega de trabalho que era Bolsonaro ferrenho, viajou c‚Ä¶",300631069,1,0,1,0,0,,1540585941826
1055920090510737408,RT @Haddad_Fernando: Obrigado a todos os brasileiros e brasileiras que est√£o nas ruas empenhados em fazer acontecer essa hist√≥rica virada!‚Ä¶,2746383520,0,0,1,0,0,,1540585942281
1055920090334593025,"RT @Haddad_Fernando: Nossa sa√≠da √© o di√°logo. √â o olho no olho que nosso advers√°rio evita, por n√£o saber lidar com o divergente. Obrigado a‚Ä¶",2573088895,0,0,1,0,0,,1540585942239
1055920091391578113,"RT @TimeHaddad13: Vamo vira eooooo, Vamo vira eoooo mais 3 votos virados aqui em Barueri, S√£o Paulo #BrasilViraHaddad https://t.co/cFPttlKr‚Ä¶",756215899124797444,1,0,1,0,0,,1540585942491
1055920091257335814,RT @Haddad_Femando: Sou estudante e n√£o abro m√£o de derrotar o fascismo! ‚úä #BrasilViraHaddad https://t.co/mbHhY3qrlS,201025760,1,0,1,0,0,,1540585942459
1055920091244703744,"RT @J_LIVRES: O MAIS TERR√çVEL V√çDEO DO CANDIDATO QUE 
AMEA√áA TRANSFORMAR O BRASIL EM AUSHWITZ.
#BrasilViraHaddad #Haddad13 https://t.co/2MC‚Ä¶",763101975332421632,2,0,1,0,0,,1540585942456
1055920091995521030,"RT @julianopsol50: Globo se dobrou ao capit√£o e n√£o vai entrevistar Haddad. Mas Haddad vai ser entrevistado na TV 247, no Youtube, √†s 20h50‚Ä¶",1030615495,0,0,1,0,0,,1540585942635
1055920091710349313,#BrasilViraHaddad venho dito https://t.co/l496uF8kM6,972468276906414081,1,0,0,0,0,,1540585942567
1055920092112973826,"RT @GilbersonFerre1: Encontrei um homem doce, um homem dos anos 30, 40, como meu pai que faz brincadeirinhas homof√≥bicas s√≥ da boca pra for‚Ä¶",207759883,0,0,1,0,0,,1540585942663
1055920092729479168,"RT @leo_koury: #BrasilViraHaddad
√â URGENTE
Especialmente no twitter.",2455753574,1,0,1,0,0,,1540585942810
1055920093060829184,"RT @cinefilo_K: HADDAD VIROU EM TODAS AS CAPITAIS!!!
as pesquisas ainda n√£o revelaram a for√ßa da virada. Vamos continuar virando voto at√© d‚Ä¶",3656682856,0,0,1,0,0,,1540585942889
1055920093312573441,HADDAD PELO AMOR DE DEUS SE MEXE SOLTA UM NUDE EH TUA HORA #BrasilViraHaddad,870844047291805696,1,0,0,0,0,,1540585942949
1055920094319177729,"RT @MST_Oficial: Se liga no recado do @ManoBrownOF, simbora povo virar voto pela democracia, por educa√ß√£o p√∫blica, pelo direito de se manif‚Ä¶",992024939359358976,0,0,2,0,0,,1540585943189
1055920094067519488,"RT @calu_barros: T√° lindo demais ver as pessoas nas ruas, oferecendo bolo, caf√©, com conversa olho no olho, mostrando para os outros como a‚Ä¶",498211121,0,0,1,0,0,,1540585943129
1055920094742831107,"RT @carinavitral: Olha esse time de virador de voto nas ruas desse Brasilz√£o. Leticia Sabatella, Patricia Pillar, Enrique D√≠az, Leticia Col‚Ä¶",912358018024722433,0,0,1,0,0,,1540585943290
1055920095908823040,"RT @gleisi: Artistas indo para a rua para virar voto. Leticia Sabatella, Maria Casadeval, Paulo Betti, Leandra Leal, Patricia Pillar, e out‚Ä¶",938890127417446400,0,0,1,0,0,,1540585943568
1055920096407887875,"RT @depjorgesolla: O pastor sargento que, e evang√©lico e militar, sabe que a pauta da viol√™ncia, da apologia √† morte, do √≥dio, n√£o represen‚Ä¶",98910420,0,0,1,0,0,,1540585943687
1055920097477492736,"n√£o acredito que 40milh√µes de brasileiros sejam fascistas!!!!!! vamos resistir, vamos mudar votos e dar certeza aos‚Ä¶ https://t.co/NtqueRipbE",952271659272212480,0,1,0,0,0,,1540585943942
1055920098416963585,"RT @GuilhermeBoulos: Um juiz em Petr√≥polis determinou busca e apreens√£o com uso da for√ßa policial se necess√°rio da ficha de inscritos, list‚Ä¶",1431690378,0,0,1,0,0,,1540585944166
1055920098425401346,"RT @sxinchh: Aqui na Para√≠ba as pessoas tamb√©m est√£o nas ruas
E eu s√≥ consigo sentir orgulho. ‚ù§ #BrasilViraHaddad https://t.co/d3NnxtyAb4",43977560,1,0,1,0,0,,1540585944168
1055920100472168449,"#BrasilViraHaddad VERGONHOSO, a√≠ atrizes saem a rua para conversar com eleitores, aaaaaa me POUPE 
E o povo BURRO s‚Ä¶ https://t.co/kRRdr3fgfv",4768023568,1,1,0,0,0,,1540585944656
1055920100958760960,#brasilvirahaddad em CCBB Rio de Janeiro https://t.co/BOdcpM3Rbf,303563021,1,1,0,0,0,,1540585944772
1055920100920963074,RT @Haddad_Femando: Sou estudante e n√£o abro m√£o de derrotar o fascismo! ‚úä #BrasilViraHaddad https://t.co/mbHhY3qrlS,1004113978711298049,1,0,1,0,0,,1540585944763
1055920101743124480,"RT @Haddad_Fernando: Nossa sa√≠da √© o di√°logo. √â o olho no olho que nosso advers√°rio evita, por n√£o saber lidar com o divergente. Obrigado a‚Ä¶",917934725305655296,0,0,1,0,0,,1540585944959
1055920103257227270,"RT @julianopsol50: Globo se dobrou ao capit√£o e n√£o vai entrevistar Haddad. Mas Haddad vai ser entrevistado na TV 247, no Youtube, √†s 20h50‚Ä¶",99481605,0,0,1,0,0,,1540585945320
1055920103760560129,"RT @depjorgesolla: O pastor sargento que, e evang√©lico e militar, sabe que a pauta da viol√™ncia, da apologia √† morte, do √≥dio, n√£o represen‚Ä¶",55268024,0,0,1,0,0,,1540585945440
1055920103932469254,RT @OBrasilFeliz: Olha a Let√≠cia Sabatella e Enrique D√≠az virando votos no Rio de Janeiro! #BrasilViraHaddad Participe voc√™ tamb√©m: https:/‚Ä¶,42607123,1,0,1,0,0,,1540585945481
1055920104414867456,RT @zehdeabreu: Que diferen√ßa! S√£o as mulheres do Brasil. Namoradinha √© o cacete! https://t.co/aECZHMzVO6,1357537712,0,1,1,0,0,,1540585945596
1055920105245302784,Brasil sem fascismo e sem horror ! #BrasilViraHaddad,831755048,1,0,0,0,0,,1540585945794
1055920105215942656,"RT @felpsgalvao: As atrizes Luisa Arraes, Let√≠cia Colin, Let√≠cia Sabatella e os atores Enrique Diaz e Paulo Betti est√£o conversando com os‚Ä¶",4875578639,0,0,1,0,0,,1540585945787
1055920105765433344,RT @roxmo: De onde o cara tira essas suposi√ß√µes? Do cu? https://t.co/OECMZQZGfs,1049375905515294722,0,1,1,0,0,,1540585945918
1055920107900276736,"RT @cinefilo_K: HADDAD VIROU EM TODAS AS CAPITAIS!!!
as pesquisas ainda n√£o revelaram a for√ßa da virada. Vamos continuar virando voto at√© d‚Ä¶",113482647,0,0,1,0,0,,1540585946427
1055920108374241281,"RT @J_LIVRES: Olha a√≠ Let√≠cia Sabatella virando voto! Vamos virar, Brasil! #BrasilViraHaddad! https://t.co/ZKcgaIU2XC",2730226611,1,0,1,0,0,,1540585946540
1055920108546220034,"RT @felpsgalvao: As atrizes Luisa Arraes, Let√≠cia Colin, Let√≠cia Sabatella e os atores Enrique Diaz e Paulo Betti est√£o conversando com os‚Ä¶",2550068626,0,0,1,0,0,,1540585946581
1055920108869160961,"RT @ptbrasil: O querido ator Paulo Betti no metr√¥ no Rio, conversando com o povo, pela democracia! #BrasilViraHaddad https://t.co/HqCcxIacWw",56149151,1,1,1,0,0,,1540585946658
1055920109628391426,RT @ptsaopaulosp: S√£o Paulo fazendo bonito. Veja um pouco mais das imagens da 'Caminhada da Vit√≥ria' nesta sexta-feira que tomou as ruas do‚Ä¶,828619534051442688,0,0,1,0,0,,1540585946839
1055920110500827136,RT @deciolimapt: Os bolsominions cairam na besteira de fazer uma passeata em Salvador. O povo deu a resposta...kkkkkküòÇ  Tenho certeza que o‚Ä¶,126355152,0,0,1,0,0,,1540585947047
1055920111176085504,RT @_leidyrodrigues: 2 dias! Tem diferen√ßa caindo a cada dia nas pesquisas. Tem empate entre as mulheres e entre os cat√≥licos. Tem lideran√ß‚Ä¶,4700160453,0,0,1,0,0,,1540585947208
1055920112195325952,RT @sorayabborges: Hora da Virada! Haddad j√° lidera entre os brasileiros mais jovens https://t.co/bhLQ2RSWMP #BrasilViraHaddad,48327594,1,1,1,0,0,,1540585947451
1055920114602782720,"RT @psol50: √â hoje, a partir das 20h30. Ajude a divulgar! #BrasilViraHaddad https://t.co/ikcRyuXCVd",16249450,1,0,1,0,0,,1540585948025
1055920114674077697,#BrasilViraHaddad e vira luta cobtra o fascismo e inclusive a ditadura de toga. N√ÉO VAO NOS CALAR https://t.co/9K8lwjJxjq,708784669483991041,1,1,0,0,0,,1540585948042
1055920115169091584,"RT @mayndutra: se tudo que vc puder fazer √© militar pela internet, milite.
se vc pode ir para a rua, v√°.
se vc consegue conversar com a sua‚Ä¶",43977560,0,0,1,0,0,,1540585948160
1055920116129513472,RT @Haddad_Fernando: Obrigado a todos os brasileiros e brasileiras que est√£o nas ruas empenhados em fazer acontecer essa hist√≥rica virada!‚Ä¶,917934725305655296,0,0,1,0,0,,1540585948389
1055920116804788224,"RT @julianopsol50: Globo se dobrou ao capit√£o e n√£o vai entrevistar Haddad. Mas Haddad vai ser entrevistado na TV 247, no Youtube, √†s 20h50‚Ä¶",949028037382868992,0,0,1,0,0,,1540585948550
1055920117303906310,"RT @psol50: √â hoje, a partir das 20h30. Ajude a divulgar! #BrasilViraHaddad https://t.co/ikcRyuXCVd",901550647136399360,1,0,1,0,0,,1540585948669
1055920117362647047,Nao existe esse neg√≥cio de fraquejada. Vamos virar! #BrasilViraHaddad,1883070985,1,0,0,0,0,,1540585948683
1055920119161987074,"RT @Helder_MJ: Ei, Regina Duarte! Quem decide o que √© homofobia s√£o os Gays, quem decide o que √© racismo s√£o os Negros, ok? N√ÉO VEM QUERER‚Ä¶",2519188561,0,0,1,0,0,,1540585949112
1055920120499986434,"RT @HenriqueFontana: Em campanha em Salvador, na Bahia, apoiadores de Bolsonaro tomam grande vaia nas ruas. O povo n√£o aceita a viol√™ncia e‚Ä¶",96225988,0,0,1,0,0,,1540585949431
1055920120743321604,RT @larrible: eu viraria QUALQUER coisa por leticia sabatella https://t.co/vwyyF5TJTw,2606461782,0,1,1,0,0,,1540585949489
1055920119656923137,"RT @MST_Oficial: #BrasilViraHaddad @Haddad_Fernando √© contra a viol√™ncia no campo, contra mais agrot√≥xicos na sua comida e contra o desmata‚Ä¶",498211121,1,0,2,0,0,,1540585949230
1055920122299408390,"RT @J_LIVRES: Essa √© Dona Gra√ßa e ela est√° hoje, durante todo o dia, panfletando na Central do Brasil, com a foto de seus dois filhos forma‚Ä¶",187485444,0,0,1,0,0,,1540585949860
1055920123868073985,"RT @Helder_MJ: Ei, Regina Duarte! Quem decide o que √© homofobia s√£o os Gays, quem decide o que √© racismo s√£o os Negros, ok? N√ÉO VEM QUERER‚Ä¶",1031700530484142085,0,0,1,0,0,,1540585950234
1055920124534943744,"RT @Richardisoon: A virada t√° acontecendo real, o Brasil t√° acordando e os bozominions est√£o desesperados! #BrasilViraHaddad",778197007181774848,1,0,1,0,0,,1540585950393
1055920124354613250,"RT @Haddad_Fernando: Nossa sa√≠da √© o di√°logo. √â o olho no olho que nosso advers√°rio evita, por n√£o saber lidar com o divergente. Obrigado a‚Ä¶",962755824,0,0,1,0,0,,1540585950350
1055920125113700353,RT @dasilvabenedita: Bolsonaro afirma ser a mudan√ßa que o Brasil precisa. Voc√™ acha que isso √© verdade? ü§î Veja no v√≠deo abaixo o que ele ve‚Ä¶,271986804,0,0,1,0,0,,1540585950531
1055920124878827521,"RT @gleisi: Artistas indo para a rua para virar voto. Leticia Sabatella, Maria Casadeval, Paulo Betti, Leandra Leal, Patricia Pillar, e out‚Ä¶",176821662,0,0,1,0,0,,1540585950475
1055920125487038467,"RT @anapaularenault: Exatamente. N√£o estamos tratando de partido pol√≠tico apenas, infelizmente √© um voto de resist√™ncia. Um SIM para a huma‚Ä¶",3397387491,0,0,1,0,0,,1540585950620
1055920125864542214,"RT @J_LIVRES: Olha a√≠ Let√≠cia Sabatella virando voto! Vamos virar, Brasil! #BrasilViraHaddad! https://t.co/ZKcgaIU2XC",892777035290038274,1,0,1,0,0,,1540585950710
1055920126720204801,RT @agsmaia: No segundo turno eu vou aperta o 13 por amor ao nosso povo! #BrasilViraHaddad https://t.co/zVX1ORtMHJ,756215899124797444,1,0,1,0,0,,1540585950914
1055920127064109056,"RT @delucca: Eu e o @HersonCapri j√° viramos um monte de voto na Paulista e voc√™s? Vem com a gente, estamos do lado da Gazeta! #Haddad13 #Br‚Ä¶",860981395598004224,1,0,2,0,0,,1540585950996
1055920130620903425,"RT @hellouist_: esse homem se chama guilherme p√°dua e ele assassinou uma menina de 18 anos com 18 golpes de tesouras, hoje ele √© pastor e s‚Ä¶",2555926126,0,0,1,0,0,,1540585951844
1055920130348212224,"RT @littIemonster_: Eu falando sobre o Brasil quando o Haddad ganhar

#BrasilViraHaddad https://t.co/UNZ6O5ADlc",711597775323009026,1,0,1,0,0,,1540585951779
1055920131245785088,"RT @delucca: Eu e o @HersonCapri j√° viramos um monte de voto na Paulista e voc√™s? Vem com a gente, estamos do lado da Gazeta! #Haddad13 #Br‚Ä¶",917934725305655296,1,0,2,0,0,,1540585951993
1055920131589767168,RT @biancamarsan: Vota Brasil! #BrasilViraHaddad https://t.co/xBjZ8pYzPy,983873299758370816,1,0,1,0,0,,1540585952075
1055920131963043840,"RT @JFMargarida: MOMENTO INCR√çVEL! VIRA VOTO!
Em #Curitiba, este motorista pediu para trocar o adesivo do seu carro. Vira voto! Antes era B‚Ä¶",2849168466,1,0,1,0,0,,1540585952164
1055920131707203584,"RT @Haddad_Fernando: Nossa sa√≠da √© o di√°logo. √â o olho no olho que nosso advers√°rio evita, por n√£o saber lidar com o divergente. Obrigado a‚Ä¶",962707536649564161,0,0,1,0,0,,1540585952103
1055920132378279936,"RT @Fevidal: Vem tamb√©m gente, pode se juntar, nem precisa gostar do PT juro √© s√≥ apertar 13 e n√£o contar para ningu√©m afinal na democracia‚Ä¶",800045814462685184,0,0,1,0,0,,1540585952263
1055920132600590336,"RT @gleisi: Artistas indo para a rua para virar voto. Leticia Sabatella, Maria Casadeval, Paulo Betti, Leandra Leal, Patricia Pillar, e out‚Ä¶",30622244,0,0,1,0,0,,1540585952316
1055920133422702593,"RT @cinefilo_K: HADDAD VIROU EM TODAS AS CAPITAIS!!!
as pesquisas ainda n√£o revelaram a for√ßa da virada. Vamos continuar virando voto at√© d‚Ä¶",1311576512,0,0,1,0,0,,1540585952512
1055920133196132352,"RT @carinavitral: Olha esse time de virador de voto nas ruas desse Brasilz√£o. Leticia Sabatella, Patricia Pillar, Enrique D√≠az, Leticia Col‚Ä¶",45671658,0,0,1,0,0,,1540585952458
1055920133892390912,"RT @felpsgalvao: As atrizes Luisa Arraes, Let√≠cia Colin, Let√≠cia Sabatella e os atores Enrique Diaz e Paulo Betti est√£o conversando com os‚Ä¶",927824992036970496,0,0,1,0,0,,1540585952624
1055920133934383104,"RT @anapaularenault: Exatamente. N√£o estamos tratando de partido pol√≠tico apenas, infelizmente √© um voto de resist√™ncia. Um SIM para a huma‚Ä¶",207759883,0,0,1,0,0,,1540585952634
1055920135704326146,"RT @Haddad_Femando: Olha a√≠ Let√≠cia Sabatella virando voto! Vamos virar, Brasil! #BrasilViraHaddad! https://t.co/vbSeRM6UXv",355090454,1,0,1,0,0,,1540585953056
1055920135838556161,RT @maaandown: quem precisa de regina duarte sendo que nesse mundo existe patricia pillar #BrasilViraHaddad https://t.co/khZaX6zGtd,149952124,1,0,1,0,0,,1540585953088
1055920136581009409,"ainda h√° espa√ßo pra virar. Haddad t√° longe de ser o melhor candidato poss√≠vel, mas ainda √© a √∫nica op√ß√£o que resta.‚Ä¶ https://t.co/PDlLmWuWOp",864986509551820802,0,1,0,0,0,,1540585953265
1055920136778059781,RT @larrible: eu viraria QUALQUER coisa por leticia sabatella https://t.co/vwyyF5TJTw,351282987,0,1,1,0,0,,1540585953312
1055920137088483328,"RT @Cramosfera: https://t.co/igbYR9hvwg

 √â assim ‚ô• #BrasilViraHaddad",615636308,1,1,1,0,0,,1540585953386
1055920137533095936,"RT @cinefilo_K: HADDAD VIROU EM TODAS AS CAPITAIS!!!
as pesquisas ainda n√£o revelaram a for√ßa da virada. Vamos continuar virando voto at√© d‚Ä¶",38957250,0,0,1,0,0,,1540585953492
1055920138480951296,"RT @IvanValente: DataFolha: S√£o Paulo ‚Äì Haddad 52% a 48%,  Belo Horizonte ‚Äì Haddad 55% a 45%, Salvador ‚Äì Haddad 70% a 30% #BrasilViraHaddad",1730507154,1,0,1,0,0,,1540585953718
1055920139290451968,"RT @J_LIVRES: O MAIS TERR√çVEL V√çDEO DO CANDIDATO QUE 
AMEA√áA TRANSFORMAR O BRASIL EM AUSHWITZ.
#BrasilViraHaddad #Haddad13 https://t.co/2MC‚Ä¶",716304316651421697,2,0,1,0,0,,1540585953911
1055920139932262400,Essa rechitegui #BrasilViraHaddad t√° me lembrando a virada do Ciro. #ViraViraCiro kkkkkkkkkk,633321136,2,0,0,0,0,,1540585954064
1055920140427149312,"RT @GarotaMilitante: Gente? 29% caralho, o que essas pocs est√£o inalando? Tinha que ta 99% contra o salnorabo #BrasilViraHaddad https://t.c‚Ä¶",4700160453,1,0,1,0,0,,1540585954182
1055920143027630080,"RT @silasprfv: Medo, clima de medo.
Jamais pensei que ter√≠amos aqui no pa√≠s uma sensa√ß√£o de terror t√£o grande quanto essa. 

#BrasilViraHad‚Ä¶",969030031077990400,0,0,1,0,0,,1540585954802
1055920143518326785,"RT @delucca: 7 horas em p√© na Paulista, conversando com centenas (mesmo!) de pessoas, do lado de um monte de gente aguerrida, falando sobre‚Ä¶",43977560,0,0,1,0,0,,1540585954919
1055920143681970177,RT @Haddad_Fernando: Obrigado a todos os brasileiros e brasileiras que est√£o nas ruas empenhados em fazer acontecer essa hist√≥rica virada!‚Ä¶,847962127449116672,0,0,1,0,0,,1540585954958
1055920143581265920,"Ainda d√° tempo de virarmos, √© s√≥ voc√™s PENSAREM! Pesquisem: quem √© Jair Bolsonaro? 
#BrasilViraHaddad",757325064106872833,1,0,0,0,0,,1540585954934
1055920144369807360,RT @zehdeabreu: Que diferen√ßa! S√£o as mulheres do Brasil. Namoradinha √© o cacete! https://t.co/aECZHMzVO6,3252196133,0,1,1,0,0,,1540585955122
1055920144399196160,RT @diImabr: Haddad em Jo√£o Pessoa agora! T√° lindo!!! #BrasilViraHaddad https://t.co/UbH5qBBF5A,917934725305655296,1,0,1,0,0,,1540585955129
1055920144579551232,"RT @kanyewerrst: esse v√≠deo meu deus
https://t.co/ZRgsRmQKrg
#BrasilViraHaddad",963984097831014400,1,0,1,0,0,,1540585955172
1055920145049284613,"RT @erickplep: @TwitterBrasil acho que est√° com algum problema, como pode #BrasilViraHaddad com 129 mil tu√≠tes estar na frente de #AndradeJ‚Ä¶",936769356,1,0,2,0,0,,1540585955284
1055920146009726976,RT @renilton: N√£o h√° d√∫vidas. O fascismo √© realidade no Brasil. https://t.co/1Molqp7wke,92509286,0,1,1,0,0,,1540585955513
1055920146559180800,"RT @felpsgalvao: As atrizes Luisa Arraes, Let√≠cia Colin, Let√≠cia Sabatella e os atores Enrique Diaz e Paulo Betti est√£o conversando com os‚Ä¶",1323516601,0,0,1,0,0,,1540585955644
1055920146852790272,"RT @gleisi: Artistas indo para a rua para virar voto. Leticia Sabatella, Maria Casadeval, Paulo Betti, Leandra Leal, Patricia Pillar, e out‚Ä¶",860981395598004224,0,0,1,0,0,,1540585955714
1055920146877943810,"RT @Haddad_Fernando: Nossa sa√≠da √© o di√°logo. √â o olho no olho que nosso advers√°rio evita, por n√£o saber lidar com o divergente. Obrigado a‚Ä¶",48200750,0,0,1,0,0,,1540585955720
1055920146857054208,"RT @delucca: 7 horas em p√© na Paulista, conversando com centenas (mesmo!) de pessoas, do lado de um monte de gente aguerrida, falando sobre‚Ä¶",860981395598004224,0,0,1,0,0,,1540585955715
1055920147817472000,"RT @gleisi: Artistas indo para a rua para virar voto. Leticia Sabatella, Maria Casadeval, Paulo Betti, Leandra Leal, Patricia Pillar, e out‚Ä¶",1039216833390370816,0,0,1,0,0,,1540585955944
1055920148111081474,"RT @mp_poletto: #BrasilViraHaddad Cheguei a me emocionar. Ap√≥s meses de conversa, 1 colega de trabalho que era Bolsonaro ferrenho, viajou c‚Ä¶",969739033336274945,1,0,1,0,0,,1540585956014
1055920148836683778,imagens que gritam,132599722,0,0,0,0,0,,1540585956187
1055920149159657472,"RT @lgodan: Calma, gente, ele √© um homem doce, fala da boca pra fora, garante a namoradinha do do Brasil. Se ela disse... https://t.co/HC0X‚Ä¶",3119632138,0,0,1,0,0,,1540585956264
1055920149537214464,"RT @carinavitral: Olha esse time de virador de voto nas ruas desse Brasilz√£o. Leticia Sabatella, Patricia Pillar, Enrique D√≠az, Leticia Col‚Ä¶",144317562,0,0,1,0,0,,1540585956354
1055920149633622016,RT @larrible: eu viraria QUALQUER coisa por leticia sabatella https://t.co/vwyyF5TJTw,1957615615,0,1,1,0,0,,1540585956377
1055920150120140800,"RT @mariomagalhaes_: √â um erro supor que Bolsonaro √© um projetinho de Trump. Ele √© um aprendiz de Hitler. Exagero? Confira o v√≠deo, antes d‚Ä¶",736562670472728576,0,0,1,0,0,,1540585956493
1055920151751770112,RT @Cardoso: HUAUHAUHUHAHUAHUA agora o Bolsonaro vai at√© acabar com o Carnaval? Ele n√£o vai cancelar o Natal tamb√©m? https://t.co/85qsz1YsyL,28458870,0,1,1,0,0,,1540585956882
1055920151894331392,"RT @anapaularenault: Exatamente. N√£o estamos tratando de partido pol√≠tico apenas, infelizmente √© um voto de resist√™ncia. Um SIM para a huma‚Ä¶",1180166906,0,0,1,0,0,,1540585956916
1055920152884195328,RT @paulogratao: Conversando nas ruas com as pessoas j√° deu pra perceber que #BrasilViraHaddad √© real #SaveBrazilianDemocracy,2284317873,2,0,1,0,0,,1540585957152
1055920152859033600,"RT @IvanValente: DataFolha: S√£o Paulo ‚Äì Haddad 52% a 48%,  Belo Horizonte ‚Äì Haddad 55% a 45%, Salvador ‚Äì Haddad 70% a 30% #BrasilViraHaddad",18180369,1,0,1,0,0,,1540585957146
1055920153060347904,RT @larrible: eu viraria QUALQUER coisa por leticia sabatella https://t.co/vwyyF5TJTw,892777035290038274,0,1,1,0,0,,1540585957194
1055920153312092161,"RT @kanyewerrst: esse v√≠deo meu deus
https://t.co/ZRgsRmQKrg
#BrasilViraHaddad",1008000088076103681,1,0,1,0,0,,1540585957254
1055920154041876480,"RT @DeputadoFederal: O corrupto @jairbolsonaro fala igual a papagaio que bandido bom √© bandido morto, mas defendeu na tribuna da C√¢mara o m‚Ä¶",288357615,0,0,2,0,0,,1540585957428
1055920154108985344,"Maravilhosa demais, socorro! #BrasilViraHaddad",339060419,1,0,0,0,0,"Agudos, Brasil",1540585957444
1055920154796789765,"RT @IvanValente: DataFolha: S√£o Paulo ‚Äì Haddad 52% a 48%,  Belo Horizonte ‚Äì Haddad 55% a 45%, Salvador ‚Äì Haddad 70% a 30% #BrasilViraHaddad",938560097856483328,1,0,1,0,0,,1540585957608
1055920154599743488,RT @_retenorio: O paulistano conhece a gest√£o de Haddad e com certeza se arrepende de ter embarcado no antipetismo e trocado o melhor prefe‚Ä¶,4644876375,0,0,1,0,0,,1540585957561
1055920155132379138,"RT @mp_poletto: #BrasilViraHaddad Cheguei a me emocionar. Ap√≥s meses de conversa, 1 colega de trabalho que era Bolsonaro ferrenho, viajou c‚Ä¶",743159026364612608,1,0,1,0,0,,1540585957688
1055920157321846790,"RT @gleisi: Artistas indo para a rua para virar voto. Leticia Sabatella, Maria Casadeval, Paulo Betti, Leandra Leal, Patricia Pillar, e out‚Ä¶",917934725305655296,0,0,1,0,0,,1540585958210
1055920157233762304,RT @psol50: A gente n√£o foge do debate! #BrasilViraHaddad https://t.co/FoXmG6adJ3,16249450,1,0,1,0,0,,1540585958189
1055920159444135936,"RT @IvanValente: DataFolha: S√£o Paulo ‚Äì Haddad 52% a 48%,  Belo Horizonte ‚Äì Haddad 55% a 45%, Salvador ‚Äì Haddad 70% a 30% #BrasilViraHaddad",814101002030841857,1,0,1,0,0,,1540585958716
1055920159737688064,"RT @Tuanninha: Olha a idiotice q essa Regina Duarte falou. 
Que mulher NOJENTA.
Imagina como n√£o eh a fam√≠lia dela, o tipo de cria√ß√£o q ela‚Ä¶",1282374234,0,0,1,0,0,,1540585958786
1055920160907976706,"RT @delucca: Eu e o @HersonCapri j√° viramos um monte de voto na Paulista e voc√™s? Vem com a gente, estamos do lado da Gazeta! #Haddad13 #Br‚Ä¶",43977560,1,0,2,0,0,,1540585959065
1055920160811421697,"RT @Haddad_Fernando: Nossa sa√≠da √© o di√°logo. √â o olho no olho que nosso advers√°rio evita, por n√£o saber lidar com o divergente. Obrigado a‚Ä¶",739901865240985604,0,0,1,0,0,,1540585959042
1055920161675505665,"RT @lRONZSPIDER: leticia colin, lu√≠sa arraes, leticia sabatella, henrique dias, maria casadevall e paulo betti est√£o nas ruas conversando c‚Ä¶",912358018024722433,0,0,1,0,0,,1540585959248
1055920161801322496,"RT @Haddad_Fernando: Nossa sa√≠da √© o di√°logo. √â o olho no olho que nosso advers√°rio evita, por n√£o saber lidar com o divergente. Obrigado a‚Ä¶",66367959,0,0,1,0,0,,1540585959278
1055920162455601153,"RT @IvanValente: DataFolha: S√£o Paulo ‚Äì Haddad 52% a 48%,  Belo Horizonte ‚Äì Haddad 55% a 45%, Salvador ‚Äì Haddad 70% a 30% #BrasilViraHaddad",730076827876765697,1,0,1,0,0,,1540585959434
1055920163017646080,"RT @IvanValente: DataFolha: S√£o Paulo ‚Äì Haddad 52% a 48%,  Belo Horizonte ‚Äì Haddad 55% a 45%, Salvador ‚Äì Haddad 70% a 30% #BrasilViraHaddad",99481605,1,0,1,0,0,,1540585959568
1055920163185483776,Reforma no judici√°rio j√°!,357611457,0,0,0,0,0,,1540585959608
1055920163961356290,RT @OBrasilFeliz: Uma verdadeira obra de arte dessas elei√ß√µes #BrasilViraHaddad https://t.co/xq0dCvlbFQ,965312289116221441,1,0,1,0,0,,1540585959793
1055920164213006337,Estes atores da globo s√£o muito pau mandado pqp.,751487639061135360,0,0,0,0,0,,1540585959853
1055920165706178561,RT @maaandown: quem precisa de regina duarte sendo que nesse mundo existe patricia pillar #BrasilViraHaddad https://t.co/khZaX6zGtd,825733027355557888,1,0,1,0,0,,1540585960209
1055920166557663232,"RT @Haddad_Fernando: Nossa sa√≠da √© o di√°logo. √â o olho no olho que nosso advers√°rio evita, por n√£o saber lidar com o divergente. Obrigado a‚Ä¶",829884872781131777,0,0,1,0,0,,1540585960412
1055920167966789632,RT @roxmo: De onde o cara tira essas suposi√ß√µes? Do cu? https://t.co/OECMZQZGfs,2574022683,0,1,1,0,0,,1540585960748
1055920168692527104,"RT @depjorgesolla: O pastor sargento que, e evang√©lico e militar, sabe que a pauta da viol√™ncia, da apologia √† morte, do √≥dio, n√£o represen‚Ä¶",2430967183,0,0,1,0,0,,1540585960921
1055920168998711298,RT @Haddad_Fernando: Obrigado a todos os brasileiros e brasileiras que est√£o nas ruas empenhados em fazer acontecer essa hist√≥rica virada!‚Ä¶,332520930,0,0,1,0,0,,1540585960994
1055920168872873984,"RT @humbertocostapt: Professores da EACH-USP fazem carta de apoio a Haddad 
https://t.co/NHhs2ypzfl

#BrasilViraHaddad #Haddad13 #HaddadSim‚Ä¶",487110460,3,1,1,0,0,,1540585960964
1055920170521235461,RT @DeputadoFederal: O que ocorreu nas universidades brasileiras nas √∫ltimas 48h √© GRAV√çSSIMO e confirma aquilo que denunciamos na tribuna‚Ä¶,987282574870540288,0,0,1,0,0,,1540585961357
1055920170332495872,"RT @lgodan: Calma, gente, ele √© um homem doce, fala da boca pra fora, garante a namoradinha do do Brasil. Se ela disse... https://t.co/HC0X‚Ä¶",56908139,0,0,1,0,0,,1540585961312
1055920171452416000,"RT @julianopsol50: Globo se dobrou ao capit√£o e n√£o vai entrevistar Haddad. Mas Haddad vai ser entrevistado na TV 247, no Youtube, √†s 20h50‚Ä¶",84622177,0,0,1,0,0,,1540585961579
1055920170789756929,RT @Leo_Gaturno: Bora Brasillllllllll #BrasilViraHaddad 13 &lt;3,127054938,1,0,1,0,0,,1540585961421
1055920171515342848,RT @MarceloFreixo: Vem pra Candel√°ria! #BrasilViraHaddad,143983324,1,0,1,0,0,,1540585961594
1055920172224143360,"RT @felpsgalvao: As atrizes Luisa Arraes, Let√≠cia Colin, Let√≠cia Sabatella e os atores Enrique Diaz e Paulo Betti est√£o conversando com os‚Ä¶",1604871602,0,0,1,0,0,,1540585961763
1055920173411172358,"RT @carinavitral: Olha esse time de virador de voto nas ruas desse Brasilz√£o. Leticia Sabatella, Patricia Pillar, Enrique D√≠az, Leticia Col‚Ä¶",723320361916444672,0,0,1,0,0,,1540585962046
1055920174275182595,RT @ayllaabreu: Eu t√¥ s√≥ o Ciro nesse 2¬∞ turno #BrasilViraHaddad https://t.co/R2nX1v5ERG,4835961561,1,0,1,0,0,,1540585962252
1055920173931216901,RT @maaandown: quem precisa de regina duarte sendo que nesse mundo existe patricia pillar #BrasilViraHaddad https://t.co/khZaX6zGtd,53527545,1,0,1,0,0,,1540585962170
1055920174866591745,RT @Itspedrito: Leticia Colin uma artista de VERDADE #BrasilViraHaddad https://t.co/G89RgjFjh9,86619032,1,0,1,0,0,,1540585962393
1055920175814533120,"RT @felpsgalvao: As atrizes Luisa Arraes, Let√≠cia Colin, Let√≠cia Sabatella e os atores Enrique Diaz e Paulo Betti est√£o conversando com os‚Ä¶",748582435844128770,0,0,1,0,0,,1540585962619
1055920176028413953,RT @_leidyrodrigues: 2 dias! Tem diferen√ßa caindo a cada dia nas pesquisas. Tem empate entre as mulheres e entre os cat√≥licos. Tem lideran√ß‚Ä¶,3409423599,0,0,1,0,0,,1540585962670
1055920175894151169,"BOLSONARO: Ex√≠lio ou pris√£o a opositores.
SE ELEGERMOS HADDAD PODEMOS IR PARA AS RUAS SEMPRE PEDIR POR NOSSOS DIREI‚Ä¶ https://t.co/Vh7aGUVkVt",1055737727814193152,0,1,0,0,0,,1540585962638
1055920177022427141,"#WakaWakaCrawling  UFRJ  #AndradeJaEra #BrasilViraHaddad #McEMc  #ReginaDuarte a vaca atolada! 
@Reitoria_USP‚Ä¶ https://t.co/Q9xmHXSTjW",14980096,5,1,1,0,0,,1540585962907
1055920177802547201,"RT @Haddad_Fernando: Nossa sa√≠da √© o di√°logo. √â o olho no olho que nosso advers√°rio evita, por n√£o saber lidar com o divergente. Obrigado a‚Ä¶",46530019,0,0,1,0,0,,1540585963093
1055920178377228288,"RT @kanyewerrst: esse v√≠deo meu deus
https://t.co/ZRgsRmQKrg
#BrasilViraHaddad",716959649518460928,1,0,1,0,0,,1540585963230
1055920178888953856,Domingo √© dia de digitar 13 e confirmar #BrasilViraHaddad,1040665260833873922,1,0,0,0,0,,1540585963352
1055920178939203585,"RT @cinefilo_K: HADDAD VIROU EM TODAS AS CAPITAIS!!!
as pesquisas ainda n√£o revelaram a for√ßa da virada. Vamos continuar virando voto at√© d‚Ä¶",1418659314,0,0,1,0,0,,1540585963364
1055920179513909254,"RT @DonSergiones: Vivemos o tempo em que defender a democracia e colocar bandeira anti-fascismo s√£o crimes. Mas fazer apologia a tortura, a‚Ä¶",865160915360129025,0,0,1,0,0,,1540585963501
1055920179727740933,"RT @abdalafarah: Vou te ajudar a decidir o voto!
Pense:

Livro x arma?
Professor x Capit√£o?
Amor x √ìdio?
Respeito x abusos?
Toler√¢ncia x Pe‚Ä¶",1003670409252925441,0,0,1,0,0,,1540585963552
1055920180059164672,"RT @julianopsol50: Globo se dobrou ao capit√£o e n√£o vai entrevistar Haddad. Mas Haddad vai ser entrevistado na TV 247, no Youtube, √†s 20h50‚Ä¶",1279260734,0,0,1,0,0,,1540585963631
1055920181799776258,"RT @J_LIVRES: Olha a√≠ Let√≠cia Sabatella virando voto! Vamos virar, Brasil! #BrasilViraHaddad! https://t.co/ZKcgaIU2XC",832372951064379392,1,0,1,0,0,,1540585964046
1055920184546992128,RT @diImabr: Usem a tag #BrasilViraHaddad para dizer os lugares (apenas bairro e cidade) que voc√™s estar√£o hoje e amanh√£ virando votos nas‚Ä¶,95630337,1,0,1,0,0,,1540585964701
1055920184064647179,RT @alyssonjsantos: Acabei de escutar um programa na RFI em Espanhol (emissora p√∫blica francesa) sobre as elei√ß√µes brasileiras. Absolutamen‚Ä¶,214543287,0,0,1,0,0,,1540585964586
1055920185520123904,"RT @felpsgalvao: As atrizes Luisa Arraes, Let√≠cia Colin, Let√≠cia Sabatella e os atores Enrique Diaz e Paulo Betti est√£o conversando com os‚Ä¶",1357537712,0,0,1,0,0,,1540585964933
1055920186304462848,RT @dudamiche: Se vc acha que domingo existe a m√≠nima chance que seja de vc deitar a cabe√ßa no travesseiro e a tua consci√™ncia n√£o estar tr‚Ä¶,61323344,0,0,1,0,0,,1540585965120
1055920186291830784,"RT @zeraimundoalba: √â hoje, √†s 20h50. N√£o perca! #BrasilViraHaddad https://t.co/6s2y0e64xp",756215899124797444,1,0,1,0,0,,1540585965117
1055920186954526720,"RT @GuilhermeBoulos: Um juiz em Petr√≥polis determinou busca e apreens√£o com uso da for√ßa policial se necess√°rio da ficha de inscritos, list‚Ä¶",43977560,0,0,1,0,0,,1540585965275
1055920187503984640,RT @Enquette_: #BrasilViraHaddad: Quem leva seu voto domingo? #NemVemQueNaoTemPT,348576196,2,0,1,0,0,,1540585965406
1055920188300935168,"RT @cinefilo_K: HADDAD VIROU EM TODAS AS CAPITAIS!!!
as pesquisas ainda n√£o revelaram a for√ßa da virada. Vamos continuar virando voto at√© d‚Ä¶",565365707,0,0,1,0,0,,1540585965596
1055920188208619520,√â s√≥ uma amostra gr√°tis do que ser√° o eventual governo do coisa ruim. #haddadsim,470523589,1,0,0,0,0,,1540585965574
